region,long_region,note
cuneus,Cuneus,
lingual gyrus,Lingual Gyrus,
fusiform gyrus,Fusiform Gyrus,
lateral occipital cortex,Middle Occipital Gyrus,approx: DK lateral occipital spans middle/inferior/superior occipital gyri
calcarine cortex,Calcarine Cortex,no Long counterpart (banks split between cuneus and lingual)
superior temporal gyrus,Superior Temporal Gyrus,
middle temporal gyrus,Middle Temporal Gyrus,
inferior temporal gyrus,Inferior Temporal Gyrus,
transverse temporal gyrus,Transverse Temporal Gyrus,no Long counterpart
temporal pole,Temporal Pole,no Long counterpart
superior parietal lobule,Superior Parietal Lobule,
inferior parietal lobule,Inferior Parietal Lobule,
supramarginal gyrus,Inferior Parietal Lobule,approx: Talairach-style IPL includes supramarginal
angular gyrus,Inferior Parietal Lobule,approx: Talairach-style IPL includes angular
precuneus,Precuneus,
postcentral gyrus,Postcentral Gyrus,
precentral gyrus,Precentral Gyrus,
paracentral lobule,Paracentral Lobule,no Long counterpart
superior frontal gyrus,Superior Frontal Gyrus,
middle frontal gyrus,Middle Frontal Gyrus,
inferior frontal gyrus,Inferior Frontal Gyrus,
medial frontal cortex,Medial Frontal Gyrus,approx
supplementary motor cortex,Medial Frontal Gyrus,approx: SMA lies on the medial frontal gyrus in Talairach terms
frontal pole,Frontal Pole,no Long counterpart
orbitofrontal cortex,Orbital Gyrus,no Long counterpart
rectal gyrus,Rectal Gyrus,no Long counterpart
frontoparietal operculum,Frontoparietal Operculum,no Long counterpart
