atlas_label,region,hemisphere,burke_lobe,burke_roi
,,,,
 ,,,,
 Left ACgG anterior cingulate gyrus,anterior cingulate gyrus,L,limbic,L-limbic
 Left AIns anterior insula,insula,L,limbic,L-limbic
 Left AOrG anterior orbital gyrus,orbitofrontal cortex,L,frontal,L-frontal
 Left Amygdala,amygdala,L,limbic,L-limbic
 Left AnG angular gyrus,angular gyrus,L,parietal,L-parietal
 Left CO central operculum,frontoparietal operculum,L,frontal,L-frontal
 Left Calc calcarine cortex,calcarine cortex,L,occipital,L-occipital
 Left Caudate,caudate nucleus,L,subcortical,
 Left Cerebellum Exterior,,L,,
 Left Cerebral White Matter,,L,,
 Left Cun cuneus,cuneus,L,occipital,L-occipital
 Left Ent entorhinal area,parahippocampal gyrus,L,limbic,L-limbic
 Left FO frontal operculum,inferior frontal gyrus,L,frontal,L-frontal
 Left FRP frontal pole,frontal pole,L,frontal,L-frontal
 Left FuG fusiform gyrus,fusiform gyrus,L,occipital,L-occipital
 Left GRe gyrus rectus,rectal gyrus,L,frontal,L-frontal
 Left Hippocampus,hippocampus,L,hippocampus,L-hippocampus
 Left IOG inferior occipital gyrus,lateral occipital cortex,L,occipital,L-occipital
 Left ITG inferior temporal gyrus,inferior temporal gyrus,L,temporal,L-temporal
 Left Inf Lat Vent,,L,,
 Left LOrG lateral orbital gyrus,orbitofrontal cortex,L,frontal,L-frontal
 Left Lateral Ventricle,,L,,
 Left LiG lingual gyrus,lingual gyrus,L,occipital,L-occipital
 Left MCgG middle cingulate gyrus,middle cingulate gyrus,L,limbic,L-limbic
 Left MFC medial frontal cortex,medial frontal cortex,L,frontal,L-frontal
 Left MFG middle frontal gyrus,middle frontal gyrus,L,frontal,L-frontal
 Left MOG middle occipital gyrus,lateral occipital cortex,L,occipital,L-occipital
 Left MOrG medial orbital gyrus,orbitofrontal cortex,L,frontal,L-frontal
 Left MPoG postcentral gyrus medial segment,postcentral gyrus,L,parietal,L-parietal
 Left MPrG precentral gyrus medial segment,precentral gyrus,L,frontal,L-frontal
 Left MSFG superior frontal gyrus medial segment,superior frontal gyrus,L,frontal,L-frontal
 Left MTG middle temporal gyrus,middle temporal gyrus,L,temporal,L-temporal
 Left OCP occipital pole,lateral occipital cortex,L,occipital,L-occipital
 Left OFuG occipital fusiform gyrus,fusiform gyrus,L,occipital,L-occipital
 Left OpIFG opercular part of the inferior frontal gyrus,inferior frontal gyrus,L,frontal,L-frontal
 Left OrIFG orbital part of the inferior frontal gyrus,inferior frontal gyrus,L,frontal,L-frontal
 Left PCgG posterior cingulate gyrus,posterior cingulate gyrus,L,parietal,L-parietal
 Left PCu precuneus,precuneus,L,parietal,L-parietal
 Left PHG parahippocampal gyrus,parahippocampal gyrus,L,limbic,L-limbic
 Left PIns posterior insula,insula,L,limbic,L-limbic
 Left PO parietal operculum,frontoparietal operculum,L,frontal,L-frontal
 Left POrG posterior orbital gyrus,orbitofrontal cortex,L,frontal,L-frontal
 Left PP planum polare,superior temporal gyrus,L,temporal,L-temporal
 Left PT planum temporale,superior temporal gyrus,L,temporal,L-temporal
 Left PoG postcentral gyrus,postcentral gyrus,L,parietal,L-parietal
 Left PrG precentral gyrus,precentral gyrus,L,frontal,L-frontal
 Left Putamen,lentiform nucleus,L,subcortical,
 Left SCA subcallosal area,subcallosal area,L,limbic,L-limbic
 Left SFG superior frontal gyrus,superior frontal gyrus,L,frontal,L-frontal
 Left SMC supplementary motor cortex,supplementary motor cortex,L,frontal,L-frontal
 Left SMG supramarginal gyrus,supramarginal gyrus,L,parietal,L-parietal
 Left SOG superior occipital gyrus,lateral occipital cortex,L,occipital,L-occipital
 Left SPL superior parietal lobule,superior parietal lobule,L,parietal,L-parietal
 Left STG superior temporal gyrus,superior temporal gyrus,L,temporal,L-temporal
 Left TMP temporal pole,temporal pole,L,temporal,L-temporal
 Left TTG transverse temporal gyrus,transverse temporal gyrus,L,temporal,L-temporal
 Left Thalamus Proper,thalamus,L,subcortical,
 Left TrIFG triangular part of the inferior frontal gyrus,inferior frontal gyrus,L,frontal,L-frontal
 Left Ventral DC,ventral diencephalon,L,subcortical,
 Right ACgG anterior cingulate gyrus,anterior cingulate gyrus,R,limbic,R-limbic
 Right AIns anterior insula,insula,R,limbic,R-limbic
 Right AOrG anterior orbital gyrus,orbitofrontal cortex,R,frontal,R-frontal
 Right Amygdala,amygdala,R,limbic,R-limbic
 Right AnG angular gyrus,angular gyrus,R,parietal,R-parietal
 Right CO central operculum,frontoparietal operculum,R,frontal,R-frontal
 Right Calc calcarine cortex,calcarine cortex,R,occipital,R-occipital
 Right Caudate,caudate nucleus,R,subcortical,
 Right Cerebellum Exterior,,R,,
 Right Cerebral White Matter,,R,,
 Right Cun cuneus,cuneus,R,occipital,R-occipital
 Right Ent entorhinal area,parahippocampal gyrus,R,limbic,R-limbic
 Right FO frontal operculum,inferior frontal gyrus,R,frontal,R-frontal
 Right FRP frontal pole,frontal pole,R,frontal,R-frontal
 Right FuG fusiform gyrus,fusiform gyrus,R,occipital,R-occipital
 Right GRe gyrus rectus,rectal gyrus,R,frontal,R-frontal
 Right Hippocampus,hippocampus,R,hippocampus,R-hippocampus
 Right IOG inferior occipital gyrus,lateral occipital cortex,R,occipital,R-occipital
 Right ITG inferior temporal gyrus,inferior temporal gyrus,R,temporal,R-temporal
 Right Inf Lat Vent,,R,,
 Right LOrG lateral orbital gyrus,orbitofrontal cortex,R,frontal,R-frontal
 Right Lateral Ventricle,,R,,
 Right LiG lingual gyrus,lingual gyrus,R,occipital,R-occipital
 Right MCgG middle cingulate gyrus,middle cingulate gyrus,R,limbic,R-limbic
 Right MFC medial frontal cortex,medial frontal cortex,R,frontal,R-frontal
 Right MFG middle frontal gyrus,middle frontal gyrus,R,frontal,R-frontal
 Right MOG middle occipital gyrus,lateral occipital cortex,R,occipital,R-occipital
 Right MOrG medial orbital gyrus,orbitofrontal cortex,R,frontal,R-frontal
 Right MPoG postcentral gyrus medial segment,postcentral gyrus,R,parietal,R-parietal
 Right MPrG precentral gyrus medial segment,precentral gyrus,R,frontal,R-frontal
 Right MSFG superior frontal gyrus medial segment,superior frontal gyrus,R,frontal,R-frontal
 Right MTG middle temporal gyrus,middle temporal gyrus,R,temporal,R-temporal
 Right OCP occipital pole,lateral occipital cortex,R,occipital,R-occipital
 Right OpIFG opercular part of the inferior frontal gyrus,inferior frontal gyrus,R,frontal,R-frontal
 Right OrIFG orbital part of the inferior frontal gyrus,inferior frontal gyrus,R,frontal,R-frontal
 Right PCgG posterior cingulate gyrus,posterior cingulate gyrus,R,parietal,R-parietal
 Right PCu precuneus,precuneus,R,parietal,R-parietal
 Right PHG parahippocampal gyrus,parahippocampal gyrus,R,limbic,R-limbic
 Right PIns posterior insula,insula,R,limbic,R-limbic
 Right PO parietal operculum,frontoparietal operculum,R,frontal,R-frontal
 Right POrG posterior orbital gyrus,orbitofrontal cortex,R,frontal,R-frontal
 Right PP planum polare,superior temporal gyrus,R,temporal,R-temporal
 Right PT planum temporale,superior temporal gyrus,R,temporal,R-temporal
 Right PoG postcentral gyrus,postcentral gyrus,R,parietal,R-parietal
 Right PrG precentral gyrus,precentral gyrus,R,frontal,R-frontal
 Right Putamen,lentiform nucleus,R,subcortical,
 Right SCA subcallosal area,subcallosal area,R,limbic,R-limbic
 Right SFG superior frontal gyrus,superior frontal gyrus,R,frontal,R-frontal
 Right SMC supplementary motor cortex,supplementary motor cortex,R,frontal,R-frontal
 Right SMG supramarginal gyrus,supramarginal gyrus,R,parietal,R-parietal
 Right SOG superior occipital gyrus,lateral occipital cortex,R,occipital,R-occipital
 Right SPL superior parietal lobule,superior parietal lobule,R,parietal,R-parietal
 Right STG superior temporal gyrus,superior temporal gyrus,R,temporal,R-temporal
 Right TMP temporal pole,temporal pole,R,temporal,R-temporal
 Right TTG transverse temporal gyrus,transverse temporal gyrus,R,temporal,R-temporal
 Right Thalamus Proper,thalamus,R,subcortical,
 Right TrIFG triangular part of the inferior frontal gyrus,inferior frontal gyrus,R,frontal,R-frontal
*,,,,
Angular Gyrus,angular gyrus,,parietal,parietal
Anterior Cingulate,anterior cingulate gyrus,,limbic,limbic
BA35,parahippocampal gyrus,,limbic,limbic
BA36,parahippocampal gyrus,,limbic,limbic
CA1,hippocampus,,hippocampus,hippocampus
CA2,hippocampus,,hippocampus,hippocampus
CA3,hippocampus,,hippocampus,hippocampus
Caudate,caudate nucleus,,subcortical,
Cingulate Gyrus,middle cingulate gyrus,,limbic,limbic
Cuneus,cuneus,,occipital,occipital
DG,hippocampus,,hippocampus,hippocampus
ERC,parahippocampal gyrus,,limbic,limbic
Extra-Nuclear,,,,
Fusiform Gyrus,fusiform gyrus,,occipital,occipital
Inferior Frontal Gyrus,inferior frontal gyrus,,frontal,frontal
Inferior Occipital Gyrus,lateral occipital cortex,,occipital,occipital
Inferior Parietal Lobule,inferior parietal lobule,,parietal,parietal
Inferior Temporal Gyrus,inferior temporal gyrus,,temporal,temporal
Insula,insula,,limbic,limbic
Left ACg,anterior cingulate gyrus,L,limbic,L-limbic
Left ACgG anterior cingulate gyrus,anterior cingulate gyrus,L,limbic,L-limbic
Left AIns anterior insula,insula,L,limbic,L-limbic
Left AOrG anterior orbital gyrus,orbitofrontal cortex,L,frontal,L-frontal
Left Amy,amygdala,L,limbic,L-limbic
Left Amygdala,amygdala,L,limbic,L-limbic
Left AnG angular gyrus,angular gyrus,L,parietal,L-parietal
Left CA1,hippocampus,L,hippocampus,L-hippocampus
Left CA2,hippocampus,L,hippocampus,L-hippocampus
Left CA3,hippocampus,L,hippocampus,L-hippocampus
Left CO central operculum,frontoparietal operculum,L,frontal,L-frontal
Left Calc calcarine cortex,calcarine cortex,L,occipital,L-occipital
Left Caudal Middle Frontal Cortex,middle frontal gyrus,L,frontal,L-frontal
Left Caudate,caudate nucleus,L,subcortical,
Left Cerebellum Exterior,,L,,
Left Cerebral White Matter,,L,,
Left Cun cuneus,cuneus,L,occipital,L-occipital
Left DG,hippocampus,L,hippocampus,L-hippocampus
Left DLPFC,middle frontal gyrus,L,frontal,L-frontal
Left EC,parahippocampal gyrus,L,limbic,L-limbic
Left Ent entorhinal area,parahippocampal gyrus,L,limbic,L-limbic
Left FO frontal operculum,inferior frontal gyrus,L,frontal,L-frontal
Left FRP frontal pole,frontal pole,L,frontal,L-frontal
Left FuG fusiform gyrus,fusiform gyrus,L,occipital,L-occipital
Left Fusiform Gyrus WM,,L,,
Left GRe gyrus rectus,rectal gyrus,L,frontal,L-frontal
Left Hippocampus,hippocampus,L,hippocampus,L-hippocampus
Left IOG inferior occipital gyrus,lateral occipital cortex,L,occipital,L-occipital
Left ITG inferior temporal gyrus,inferior temporal gyrus,L,temporal,L-temporal
Left Inf Lat Vent,,L,,
Left LOrG lateral orbital gyrus,orbitofrontal cortex,L,frontal,L-frontal
Left Lateral Ventricle,,L,,
Left LiG lingual gyrus,lingual gyrus,L,occipital,L-occipital
Left MCg,middle cingulate gyrus,L,limbic,L-limbic
Left MCgG middle cingulate gyrus,middle cingulate gyrus,L,limbic,L-limbic
Left MFC medial frontal cortex,medial frontal cortex,L,frontal,L-frontal
Left MFG middle frontal gyrus,middle frontal gyrus,L,frontal,L-frontal
Left MOG middle occipital gyrus,lateral occipital cortex,L,occipital,L-occipital
Left MOrG medial orbital gyrus,orbitofrontal cortex,L,frontal,L-frontal
Left MPoG postcentral gyrus medial segment,postcentral gyrus,L,parietal,L-parietal
Left MPrG precentral gyrus medial segment,precentral gyrus,L,frontal,L-frontal
Left MSFG superior frontal gyrus medial segment,superior frontal gyrus,L,frontal,L-frontal
Left MTG,middle temporal gyrus,L,temporal,L-temporal
Left MTG middle temporal gyrus,middle temporal gyrus,L,temporal,L-temporal
Left MTL WM,,L,,
Left Middle Temporal Gyrus,middle temporal gyrus,L,temporal,L-temporal
Left OCP occipital pole,lateral occipital cortex,L,occipital,L-occipital
Left OFuG occipital fusiform gyrus,fusiform gyrus,L,occipital,L-occipital
Left OpIFG opercular part of the inferior frontal gyrus,inferior frontal gyrus,L,frontal,L-frontal
Left OrIFG orbital part of the inferior frontal gyrus,inferior frontal gyrus,L,frontal,L-frontal
Left PCg,posterior cingulate gyrus,L,parietal,L-parietal
Left PCgG posterior cingulate gyrus,posterior cingulate gyrus,L,parietal,L-parietal
Left PCu precuneus,precuneus,L,parietal,L-parietal
Left PHC,parahippocampal gyrus,L,limbic,L-limbic
Left PHG parahippocampal gyrus,parahippocampal gyrus,L,limbic,L-limbic
Left PIns posterior insula,insula,L,limbic,L-limbic
Left PO parietal operculum,frontoparietal operculum,L,frontal,L-frontal
Left POrG posterior orbital gyrus,orbitofrontal cortex,L,frontal,L-frontal
Left PP planum polare,superior temporal gyrus,L,temporal,L-temporal
Left PRC,parahippocampal gyrus,L,limbic,L-limbic
Left PT planum temporale,superior temporal gyrus,L,temporal,L-temporal
Left Pallidum,lentiform nucleus,L,subcortical,
Left PoG postcentral gyrus,postcentral gyrus,L,parietal,L-parietal
Left PrG precentral gyrus,precentral gyrus,L,frontal,L-frontal
Left Precentral Gyrus,precentral gyrus,L,frontal,L-frontal
Left Precuneus,precuneus,L,parietal,L-parietal
Left Putamen,lentiform nucleus,L,subcortical,
Left SCA subcallosal area,subcallosal area,L,limbic,L-limbic
Left SFG superior frontal gyrus,superior frontal gyrus,L,frontal,L-frontal
Left SMC supplementary motor cortex,supplementary motor cortex,L,frontal,L-frontal
Left SMG supramarginal gyrus,supramarginal gyrus,L,parietal,L-parietal
Left SOG superior occipital gyrus,lateral occipital cortex,L,occipital,L-occipital
Left SPL superior parietal lobule,superior parietal lobule,L,parietal,L-parietal
Left STG superior temporal gyrus,superior temporal gyrus,L,temporal,L-temporal
Left SUB,hippocampus,L,hippocampus,L-hippocampus
Left Sub,hippocampus,L,hippocampus,L-hippocampus
Left Supramarginal Gyrus,supramarginal gyrus,L,parietal,L-parietal
Left TC,,L,,
Left TMP temporal pole,temporal pole,L,temporal,L-temporal
Left TTG transverse temporal gyrus,transverse temporal gyrus,L,temporal,L-temporal
Left Thalamus Proper,thalamus,L,subcortical,
Left TrIFG triangular part of the inferior frontal gyrus,inferior frontal gyrus,L,frontal,L-frontal
Left Ventral DC,ventral diencephalon,L,subcortical,
Lentiform Nucleus Lateral Globus Pallidus,lentiform nucleus,,subcortical,
Lentiform Nucleus Medial Globus Pallidus,lentiform nucleus,,subcortical,
Lentiform Nucleus Putamen,lentiform nucleus,,subcortical,
Lingual Gyrus,lingual gyrus,,occipital,occipital
Medial Frontal Gyrus,medial frontal cortex,,frontal,frontal
Middle Frontal Gyrus,middle frontal gyrus,,frontal,frontal
Middle Occipital Gyrus,lateral occipital cortex,,occipital,occipital
Middle Temporal Gyrus,middle temporal gyrus,,temporal,temporal
Orbital Gyrus,orbitofrontal cortex,,frontal,frontal
PHC,parahippocampal gyrus,,limbic,limbic
Paracentral Lobule,paracentral lobule,,frontal,frontal
Parahippocampal Gyrus,parahippocampal gyrus,,limbic,limbic
Parahippocampal Gyrus Amygdala,amygdala,,limbic,limbic
Parahippocampal Gyrus Hippocampus,hippocampus,,hippocampus,hippocampus
Postcentral Gyrus,postcentral gyrus,,parietal,parietal
Posterior Cingulate,posterior cingulate gyrus,,parietal,parietal
Precentral Gyrus,precentral gyrus,,frontal,frontal
Precuneus,precuneus,,parietal,parietal
Rectal Gyrus,rectal gyrus,,frontal,frontal
Right ACg,anterior cingulate gyrus,R,limbic,R-limbic
Right ACgG anterior cingulate gyrus,anterior cingulate gyrus,R,limbic,R-limbic
Right AIns anterior insula,insula,R,limbic,R-limbic
Right AOrG anterior orbital gyrus,orbitofrontal cortex,R,frontal,R-frontal
Right Accumbens Area,basal forebrain,R,subcortical,
Right Amy,amygdala,R,limbic,R-limbic
Right Amygdala,amygdala,R,limbic,R-limbic
Right AnG angular gyrus,angular gyrus,R,parietal,R-parietal
Right Basal Forebrain,basal forebrain,R,subcortical,
Right CA1,hippocampus,R,hippocampus,R-hippocampus
Right CA2,hippocampus,R,hippocampus,R-hippocampus
Right CA3,hippocampus,R,hippocampus,R-hippocampus
Right CO central operculum,frontoparietal operculum,R,frontal,R-frontal
Right Calc calcarine cortex,calcarine cortex,R,occipital,R-occipital
Right Caudal Middle Frontal Cortex,middle frontal gyrus,R,frontal,R-frontal
Right Caudate,caudate nucleus,R,subcortical,
Right Cerebral White Matter,,R,,
Right Cun cuneus,cuneus,R,occipital,R-occipital
Right DG,hippocampus,R,hippocampus,R-hippocampus
Right DLPFC,middle frontal gyrus,R,frontal,R-frontal
Right EC,parahippocampal gyrus,R,limbic,R-limbic
Right Ent entorhinal area,parahippocampal gyrus,R,limbic,R-limbic
Right FO frontal operculum,inferior frontal gyrus,R,frontal,R-frontal
Right FRP frontal pole,frontal pole,R,frontal,R-frontal
Right FuG fusiform gyrus,fusiform gyrus,R,occipital,R-occipital
Right GRe gyrus rectus,rectal gyrus,R,frontal,R-frontal
Right Hippocampus,hippocampus,R,hippocampus,R-hippocampus
Right IOG inferior occipital gyrus,lateral occipital cortex,R,occipital,R-occipital
Right ITG inferior temporal gyrus,inferior temporal gyrus,R,temporal,R-temporal
Right Inf Lat Vent,,R,,
Right Insula,insula,R,limbic,R-limbic
Right LOrG lateral orbital gyrus,orbitofrontal cortex,R,frontal,R-frontal
Right Lateral Ventricle,,R,,
Right LiG lingual gyrus,lingual gyrus,R,occipital,R-occipital
Right MCg,middle cingulate gyrus,R,limbic,R-limbic
Right MCgG middle cingulate gyrus,middle cingulate gyrus,R,limbic,R-limbic
Right MFC medial frontal cortex,medial frontal cortex,R,frontal,R-frontal
Right MFG middle frontal gyrus,middle frontal gyrus,R,frontal,R-frontal
Right MOG middle occipital gyrus,lateral occipital cortex,R,occipital,R-occipital
Right MOrG medial orbital gyrus,orbitofrontal cortex,R,frontal,R-frontal
Right MPoG postcentral gyrus medial segment,postcentral gyrus,R,parietal,R-parietal
Right MPrG precentral gyrus medial segment,precentral gyrus,R,frontal,R-frontal
Right MSFG superior frontal gyrus medial segment,superior frontal gyrus,R,frontal,R-frontal
Right MTG,middle temporal gyrus,R,temporal,R-temporal
Right MTG middle temporal gyrus,middle temporal gyrus,R,temporal,R-temporal
Right MTL WM,,R,,
Right Middle Temporal Gyrus,middle temporal gyrus,R,temporal,R-temporal
Right OFuG occipital fusiform gyrus,fusiform gyrus,R,occipital,R-occipital
Right OpIFG opercular part of the inferior frontal gyrus,inferior frontal gyrus,R,frontal,R-frontal
Right OrIFG orbital part of the inferior frontal gyrus,inferior frontal gyrus,R,frontal,R-frontal
Right PCg,posterior cingulate gyrus,R,parietal,R-parietal
Right PCgG posterior cingulate gyrus,posterior cingulate gyrus,R,parietal,R-parietal
Right PCu precuneus,precuneus,R,parietal,R-parietal
Right PHC,parahippocampal gyrus,R,limbic,R-limbic
Right PHG parahippocampal gyrus,parahippocampal gyrus,R,limbic,R-limbic
Right PIns posterior insula,insula,R,limbic,R-limbic
Right PO parietal operculum,frontoparietal operculum,R,frontal,R-frontal
Right POrG posterior orbital gyrus,orbitofrontal cortex,R,frontal,R-frontal
Right PP planum polare,superior temporal gyrus,R,temporal,R-temporal
Right PRC,parahippocampal gyrus,R,limbic,R-limbic
Right PT planum temporale,superior temporal gyrus,R,temporal,R-temporal
Right Pallidum,lentiform nucleus,R,subcortical,
Right PoG postcentral gyrus,postcentral gyrus,R,parietal,R-parietal
Right PrG precentral gyrus,precentral gyrus,R,frontal,R-frontal
Right Precentral Gyrus,precentral gyrus,R,frontal,R-frontal
Right Putamen,lentiform nucleus,R,subcortical,
Right SCA subcallosal area,subcallosal area,R,limbic,R-limbic
Right SFG superior frontal gyrus,superior frontal gyrus,R,frontal,R-frontal
Right SMC supplementary motor cortex,supplementary motor cortex,R,frontal,R-frontal
Right SMG supramarginal gyrus,supramarginal gyrus,R,parietal,R-parietal
Right SOG superior occipital gyrus,lateral occipital cortex,R,occipital,R-occipital
Right SPL superior parietal lobule,superior parietal lobule,R,parietal,R-parietal
Right STG,superior temporal gyrus,R,temporal,R-temporal
Right STG superior temporal gyrus,superior temporal gyrus,R,temporal,R-temporal
Right Sub,hippocampus,R,hippocampus,R-hippocampus
Right Superior Frontal Gyrus,superior frontal gyrus,R,frontal,R-frontal
Right Supramarginal Gyrus,supramarginal gyrus,R,parietal,R-parietal
Right TMP temporal pole,temporal pole,R,temporal,R-temporal
Right TTG transverse temporal gyrus,transverse temporal gyrus,R,temporal,R-temporal
Right Thalamus Proper,thalamus,R,subcortical,
Right TrIFG triangular part of the inferior frontal gyrus,inferior frontal gyrus,R,frontal,R-frontal
SUB,hippocampus,,hippocampus,hippocampus
Sub-Gyral,,,,
Subcallosal Gyrus,subcallosal area,,limbic,limbic
Superior Frontal Gyrus,superior frontal gyrus,,frontal,frontal
Superior Occipital Gyrus,lateral occipital cortex,,occipital,occipital
Superior Parietal Lobule,superior parietal lobule,,parietal,parietal
Superior Temporal Gyrus,superior temporal gyrus,,temporal,temporal
Supramarginal Gyrus,supramarginal gyrus,,parietal,parietal
Thalamus,thalamus,,subcortical,
Transverse Temporal Gyrus,transverse temporal gyrus,,temporal,temporal
Uncus,parahippocampal gyrus,,limbic,limbic
Uncus Amygdala,amygdala,,limbic,limbic
[nan],,,,
bankssts,superior temporal gyrus,,temporal,temporal
caudalanteriorcingulate,anterior cingulate gyrus,,limbic,limbic
caudalmiddlefrontal,middle frontal gyrus,,frontal,frontal
corpuscallosum,,,,
cuneus,cuneus,,occipital,occipital
entorhinal,parahippocampal gyrus,,limbic,limbic
frontalpole,frontal pole,,frontal,frontal
fusiform,fusiform gyrus,,occipital,occipital
inferiorparietal,inferior parietal lobule,,parietal,parietal
inferiortemporal,inferior temporal gyrus,,temporal,temporal
insula,insula,,limbic,limbic
isthmuscingulate,posterior cingulate gyrus,,parietal,parietal
lateraloccipital,lateral occipital cortex,,occipital,occipital
lateralorbitofrontal,orbitofrontal cortex,,frontal,frontal
lingual,lingual gyrus,,occipital,occipital
medialorbitofrontal,orbitofrontal cortex,,frontal,frontal
middletemporal,middle temporal gyrus,,temporal,temporal
misc,,,,
,,,,
paracentral,paracentral lobule,,frontal,frontal
parahippocampal,parahippocampal gyrus,,limbic,limbic
parsopercularis,inferior frontal gyrus,,frontal,frontal
parsorbitalis,inferior frontal gyrus,,frontal,frontal
parstriangularis,inferior frontal gyrus,,frontal,frontal
pericalcarine,calcarine cortex,,occipital,occipital
postcentral,postcentral gyrus,,parietal,parietal
posteriorcingulate,posterior cingulate gyrus,,parietal,parietal
precentral,precentral gyrus,,frontal,frontal
precuneus,precuneus,,parietal,parietal
rostralanteriorcingulate,anterior cingulate gyrus,,limbic,limbic
rostralmiddlefrontal,middle frontal gyrus,,frontal,frontal
sulcus,parahippocampal gyrus,,limbic,limbic
superiorfrontal,superior frontal gyrus,,frontal,frontal
superiorparietal,superior parietal lobule,,parietal,parietal
superiortemporal,superior temporal gyrus,,temporal,temporal
supramarginal,supramarginal gyrus,,parietal,parietal
tail,hippocampus,,hippocampus,hippocampus
temporalpole,temporal pole,,temporal,temporal
transversetemporal,transverse temporal gyrus,,temporal,temporal
unknown,,,,
 Right OFuG occipital fusiform gyrus,fusiform gyrus,R,occipital,R-occipital
 Right Ventral DC,ventral diencephalon,R,subcortical,
"""BA35""",parahippocampal gyrus,,limbic,limbic
"""BA36""",parahippocampal gyrus,,limbic,limbic
"""CA1""",hippocampus,,hippocampus,hippocampus
"""CA3""",hippocampus,,hippocampus,hippocampus
"""DG""",hippocampus,,hippocampus,hippocampus
"""ERC""",parahippocampal gyrus,,limbic,limbic
"""PHC""",parahippocampal gyrus,,limbic,limbic
"""SUB""",hippocampus,,hippocampus,hippocampus
"""misc""",,,,
"""sulcus""",hippocampus,,hippocampus,hippocampus
Brain Stem,,,,
Left Basal Forebrain,basal forebrain,L,subcortical,
Right Cerebellum Exterior,,R,,
Right OCP occipital pole,lateral occipital cortex,R,occipital,R-occipital
