grp,n,lat,lat_sem,enh,enh_sem,roi
Calcarine Cortex,2,830.0,680.0,0.0,0.0,R-occipital
Fusiform Gyrus,64,207.96875,7.99671214524623,98.4375,1.5502449088269086,L-occipital
Inferior Frontal Gyrus,17,392.94117647058823,44.20677272008509,76.47058823529412,10.287936849355367,R-frontal
Inferior Parietal Lobule,23,482.60869565217394,64.46562766865131,91.30434782608695,5.875338475584142,L-parietal
Inferior Temporal Gyrus,26,296.15384615384613,53.9631695570141,100.0,0.0,L-temporal
Lingual Gyrus,9,351.1111111111111,83.73974969518565,100.0,0.0,L-occipital
Middle Frontal Gyrus,22,553.6363636363636,93.31913649265066,81.81818181818183,8.223036670302642,L-frontal
Middle Occipital Gyrus,76,202.23684210526315,15.624540621132576,100.0,0.0,L-occipital
Middle Temporal Gyrus,12,372.5,74.57074127662575,100.0,0.0,L-temporal
Orbital Gyrus,20,629.5,75.64277194397638,45.0,11.124297730643494,R-frontal
Postcentral Gyrus,12,631.6666666666666,69.69449929745699,100.0,0.0,L-parietal
Precentral Gyrus,33,445.45454545454544,32.796118664394356,87.87878787878788,5.681435554915709,L-frontal
Precuneus,3,713.3333333333334,101.70764201594905,100.0,0.0,L-parietal
Superior Frontal Gyrus,2,565.0,265.0,100.0,0.0,L-frontal
Superior Parietal Lobule,14,248.57142857142858,32.96446876474601,92.85714285714286,6.883029368995937,L-parietal
Superior Temporal Gyrus,6,486.6666666666667,129.2972458244095,100.0,0.0,L-temporal
Temporal Pole,3,633.3333333333334,295.37170555834297,33.33333333333333,27.216552697590867,L-temporal
