grp,n_elec,n_responsive,pct_responsive,mean_abs_t,median_abs_t,pct_enhanced_of_responders,roi
Calcarine Cortex,11,2,18.181818181818183,3.542844149011147,4.136677325955956,0.0,L-occipital
Middle Occipital Gyrus,189,76,40.21164021164021,9.08214808596052,3.101798401548132,100.0,L-occipital
Lingual Gyrus,113,9,7.964601769911504,2.4101057143290108,1.3143798127200426,100.0,L-occipital
Superior Parietal Lobule,387,14,3.6175710594315245,1.519173690440298,0.8955531236622581,85.71428571428571,L-parietal
Fusiform Gyrus,693,64,9.235209235209235,2.3717186493862226,0.8729776450584023,98.4375,L-occipital
Inferior Frontal Gyrus,851,17,1.9976498237367801,1.2181870786584839,0.8306953316029884,76.47058823529412,L-frontal
Frontal Pole,38,0,0.0,1.4183933005054778,0.8263979636708126,,R-frontal
Middle Frontal Gyrus,1595,22,1.3793103448275863,1.1877923566328759,0.787024755961787,77.27272727272727,L-frontal
Inferior Parietal Lobule,1361,23,1.6899338721528288,1.1393922414569544,0.7813120043689596,86.95652173913044,L-parietal
Orbital Gyrus,801,20,2.4968789013732833,1.3120104559250705,0.7681961322476699,40.0,L-frontal
Precentral Gyrus,689,33,4.78955007256894,1.527827681316535,0.7530864569567577,87.87878787878788,R-frontal
Precuneus,289,3,1.0380622837370241,1.0214499323785842,0.7257491116473537,100.0,L-parietal
Inferior Temporal Gyrus,1005,26,2.587064676616915,1.3174375960395552,0.7044122780771515,100.0,L-temporal
Cuneus,23,0,0.0,1.1009096289495182,0.6816908252635612,,L-occipital
Superior Frontal Gyrus,816,2,0.24509803921568626,0.914331481003691,0.6709345428707351,100.0,L-frontal
Superior Temporal Gyrus,1374,6,0.43668122270742354,0.9182372963299732,0.6477620383532541,100.0,L-temporal
Temporal Pole,152,3,1.9736842105263157,1.1588617740054405,0.6431904019025738,33.33333333333333,L-temporal
Middle Temporal Gyrus,2012,12,0.5964214711729622,0.9120845024794516,0.6064581626051748,100.0,L-temporal
Transverse Temporal Gyrus,32,0,0.0,0.8106139244036458,0.5960273817453239,,L-temporal
Postcentral Gyrus,521,12,2.3032629558541267,1.018639681326781,0.572292879698496,100.0,L-parietal
Paracentral Lobule,128,0,0.0,0.7691181466820117,0.5330878480450405,,R-frontal
