sub,label,roi,lo,hi,cohens_d,change_dB,z_lo,z_hi
R1001P,LAF1,L-frontal,8.311261753919919,14.738032617913845,11.187279887381361,4.975451064268576,1.3569542159895156,1.5599941175424226
R1001P,LAF2,L-frontal,8.310625163075608,14.694040889078199,10.632681746066952,4.950150987970928,1.3379180374329283,1.5450949967668746
R1001P,LAF3,L-frontal,8.267501639810153,14.721652661049117,10.867916525005754,5.011645543135906,0.04838160094904746,1.5544465529868758
R1001P,LAF4,L-frontal,8.310070393572815,14.721515854548858,11.619205282427696,4.9669565672862115,1.3213285884841925,1.5544002193549824
R1001P,LAF5,L-frontal,8.333760432762425,14.783114049207395,11.145750571226518,4.978498312215492,2.029739367647149,1.5752622987972797
R1001P,LAF6,L-temporal,8.244030068392014,8.281101274601316,0.07821533532451985,0.038970576312040026,-0.6534962669353965,-0.6268396912139715
R1001P,LAT1,L-temporal,8.263821766991665,8.270744798797928,0.015392288172872316,0.007273573637955848,-0.06165880673878669,-0.6303472229224931
R1001P,LAT2,L-occipital,8.230857447937563,8.285616057811158,0.12276948499479161,0.05759449613911984,-1.0474013274153489,-0.6253106242257165
R1001P,LAT3,L-temporal,8.248849493189857,8.263021226076658,0.03152551820396724,0.014909774931374964,-0.5093794738464973,-0.6329630428922618
R1001P,LAT4,L-temporal,8.28824145940112,8.290879110555377,0.00552216918882892,0.0027637590216218325,0.6685710248052767,-0.6235281332766303
R1001P,LMT1,L-occipital,8.202111807810672,8.28033031080674,0.17049758278925076,0.08243952928273537,-1.9069913499071576,-0.6271008012679063
R1001P,LMT2,L-occipital,8.221704910369105,8.267954086372756,0.10084371916354383,0.048723420184168746,-1.3210925703168344,-0.6312923815369182
R1001P,LMT3,L-occipital,8.23045404506335,8.270265458016716,0.08800002043498209,0.04191310690020729,-1.059464411910492,-0.6305095660806491
R1001P,LMT4,L-occipital,8.273368795572477,8.234172706321978,-0.08796564985798423,-0.041248243447360375,0.2238290264172766,-0.6427334609093979
R1001P,LP3,L-frontal,8.317017328411985,14.75306034249995,11.24410255914333,4.978290248456206,1.5290649912322953,1.5650837080067241
R1001P,LP4,L-parietal,8.220252800268128,8.259634434713181,0.0910140136964476,0.041513048822278416,-1.3645154806729793,-0.6341100815493362
R1001P,LP5,L-parietal,8.267355875947029,8.258108767527585,-0.02016221629868768,-0.00972067936586754,0.044022777773501415,-0.6346267945829708
R1001P,LP6,L-parietal,8.206948582198219,8.254129335012925,0.10510433239446612,0.049791142020971776,-1.7623557465173416,-0.6359745489727918
R1001P,LP7,L-parietal,8.26643060080513,8.28130436854977,0.033734205135913596,0.015614456016294265,0.016353980817676198,-0.6267709073460286
R1001P,LP8,L-temporal,8.24487968518379,8.264344810534077,0.04225297136670725,0.020482126095337786,-0.6280899056949472,-0.6325147712464396
R1001P,LPF1,L-frontal,8.316755691557434,14.73910537810442,10.617236241181171,4.970343596095807,1.5212411811276763,1.5603574400138416
R1001P,LPF2,L-frontal,8.286045875172476,14.697356953337847,10.971755988056938,4.977838171212343,0.6029157710641659,1.546218081565123
R1001P,LPF3,L-frontal,8.284995972567543,14.741148206795021,11.357008758345557,5.004780219012778,0.571520199429482,1.561049305330132
R1001P,LPF4,L-frontal,8.278365108286462,14.745096040348983,10.917268055425723,5.014060580947098,0.37323535514163025,1.5623863577824688
R1001P,LPF5,L-parietal,8.235522727883634,8.300436271748827,0.14608879471396952,0.06819498939807668,-0.90789397687205,-0.6202913134775133
R1001P,LPF6,L-parietal,8.238027722789916,8.2503796486153,0.028078213211000028,0.01301368679094788,-0.8329863171947007,-0.6372444929369708
R1001P,LPF7,L-parietal,8.269493854120228,8.25861556226992,-0.02403244744302089,-0.011433570982091239,0.10795541931059766,-0.6344551533159798
R1001P,LPF8,L-parietal,8.210003083624697,8.290845937621054,0.17845474373910247,0.08511049647460743,-1.671016018534346,-0.6235393682875752
R1001P,LPT1,L-occipital,8.270557409221587,8.25065031258276,-0.048491970475490837,-0.020931996136485765,0.13975924588961183,-0.6371528244518374
R1001P,LPT2,L-occipital,8.245380910207892,8.28319100139683,0.08029346958253997,0.039739047497459726,-0.6131016143283364,-0.6261319424453204
R1001P,LPT3,L-occipital,8.312679385414885,8.252879305736222,-0.13407883118535932,-0.06271073114799168,1.3993461016203188,-0.6363979089465756
R1001P,LPT4,L-temporal,8.286432824929605,8.287177529167701,0.000912325035146478,0.0007805684689411849,0.6144868527643894,-0.6247817850337943
R1001P,RAF1,R-frontal,8.315391546923028,14.713786308356127,11.053724147513384,4.956834814596955,1.4804487301057034,1.5517823762896203
R1001P,RAF2,R-frontal,8.276918095166803,14.738170180351231,10.696550934358193,5.0114981869541335,0.32996486143952797,1.5600407071951379
R1001P,RAF3,R-frontal,8.28450191578296,14.756605594270642,10.712227209875621,5.014401343227561,0.5567462622098533,1.5662844140419112
R1001P,RAF4,R-frontal,8.320594583521133,14.7209926426784,10.991191466032554,4.955654677713609,1.6360367889086629,1.5542230179342726
R1001P,RAF5,R-frontal,8.302898768777997,14.786403582953952,11.264483574484018,5.0126562564552914,1.1068732105045018,1.5763763982401158
R1001P,RAF6,R-frontal,8.311265915217978,14.771436541555417,10.620097626800295,4.995111109674257,1.3570786526093692,1.571307359960613
R1001P,RAT1,R-occipital,8.276738012257521,8.254102363211839,-0.05041855706882757,-0.023787159988417746,0.32457978490770034,-0.6359836837836426
R1001P,RAT2,R-occipital,8.234206945804557,8.265824500443651,0.07161137919490808,0.03328804884365018,-0.9472402270148699,-0.6320136297987944
R1001P,RAT3,R-occipital,8.248554933325149,8.287334231006412,0.08873635229579051,0.040739668010215835,-0.5181877911986801,-0.6247287132477453
R1001P,RAT4,R-temporal,8.249122666011848,8.279063778074127,0.06551206277474332,0.031469330331039706,-0.5012107000372116,-0.6275297506329083
R1001P,RMT1,R-occipital,8.25195684005923,8.256549908324352,0.01187231928838204,0.004833251812344448,-0.41645949177120173,-0.6351547490906875
R1001P,RMT2,R-occipital,8.212859560232566,8.266280431112438,0.12293657928148627,0.056314760900522495,-1.585597889706225,-0.6318592151786072
R1001P,RMT3,R-occipital,8.276224605191949,8.241793245870966,-0.07513448298068301,-0.03621105425598974,0.3092272100791526,-0.6401525362192272
R1001P,RMT4,R-occipital,8.241367541003472,8.2458424360745,0.010205173951565016,0.004714981581159283,-0.7331146705506755,-0.6387811562920818
R1001P,RP1,R-parietal,8.246763641854496,8.272895248111293,0.058338235590383605,0.027479554976391953,-0.5717533499669268,-0.6296189086486617
R1001P,RP2,R-parietal,8.242973793514919,8.25978850654813,0.04230861904956191,0.0177001631106543,-0.6850823906519686,-0.6340579004930839
R1001P,RP3,R-parietal,8.235941103089495,8.284050594526732,0.10849952462397369,0.05059020877698598,-0.8953831699799982,-0.62584081540396
R1001P,RP4,R-parietal,8.242770559282505,8.302006859197938,0.12985496014358128,0.062197532088641906,-0.6911597685652999,-0.619759386846935
R1001P,RP5,R-parietal,8.239497320349539,8.264866966450235,0.05746116151752355,0.026703012114137163,-0.7890404737988272,-0.6323379274563813
R1001P,RP6,R-parietal,8.262836694864651,8.26278224246499,-0.00012363475115859286,-5.72405228248769e-05,-0.09111573196563687,-0.633043981873017
R1001P,RP7,R-parietal,8.267079580249543,8.278919919462382,0.025383761508936942,0.012431270439323119,0.03576061962473163,-0.6275784726742492
R1001P,RP8,R-temporal,8.256270902505412,8.293136794820764,0.08334818729462481,0.038697892708223824,-0.28745470987121796,-0.6227635006642422
R1001P,RPF1,R-frontal,8.314622458825143,14.774204388305558,10.734216767167222,4.993231375480632,1.4574504440198657,1.572244774427151
R1001P,RPF2,R-frontal,8.340727346242067,14.730661816473088,10.806283580938118,4.940366692058503,2.2380731980377275,1.5574977741664051
R1001P,RPF3,R-frontal,8.301495521321666,14.741328958387854,11.35358643356447,4.987605996235148,1.0649114553574812,1.56111052228803
R1001P,RPF4,R-parietal,8.2382723178067,8.263222109819036,0.058192164377631264,0.026265658059108597,-0.8256721145868899,-0.632895007577016
R1001P,RPF5,R-parietal,8.235076156511678,8.280188740203304,0.10508171733901632,0.0474523297401412,-0.9212479426898046,-0.6271487484064864
R1001P,RPF6,R-parietal,8.26282229542717,8.253162787700475,-0.023012815031774082,-0.01016002705454582,-0.09154632292597677,-0.6363018992616897
R1001P,RPF7,R-parietal,8.256938740602479,8.268822978238461,0.02842033151344709,0.012492639805574796,-0.2674841347737471,-0.6309981051992821
R1001P,RPF8,R-parietal,8.232794033423007,8.245382420789053,0.02522983513497686,0.013271051558086666,-0.9894909954957363,-0.6389369542904303
R1001P,RPT1,R-occipital,8.254073684902021,8.247206234176625,-0.016249742905998996,-0.007229732824607267,-0.3531588069370802,-0.6383192650871935
R1001P,RPT2,R-occipital,8.301274558052006,8.316023070128557,0.032217467393573,0.015418148573368253,1.0583039204026639,-0.6150123758746899
R1001P,RPT3,R-occipital,8.240658839681842,8.255392008596889,0.031711455098190344,0.015515315079824517,-0.7543071916533686,-0.6355469066244344
R1001P,RPT4,R-temporal,8.27902847646773,8.259427946032087,-0.043957518243649574,-0.02058815158696832,0.3930722649247969,-0.6341800151454879
R1002P,LAF1,L-frontal,8.327106999867413,14.715328167452864,10.77512783210404,4.945516131481666,1.1813025332787315,0.771275114492159
R1002P,LAF2,L-frontal,8.281174068274016,14.748783101463674,11.570223100293266,5.013285506906707,-0.053059528758978416,0.781865774818364
R1002P,LAF3,L-frontal,8.304669228096532,14.721320173891993,11.001134894936715,4.972488378553997,0.5783291703807117,0.7731719738567222
R1002P,LAF4,L-frontal,8.337535110192693,14.737103697824164,10.798515820845552,4.94748927326682,1.4615385930672717,0.7781684847050813
R1002P,LAF5,L-frontal,8.335679729526777,14.760699635271163,10.798260546568345,4.96331845837629,1.4116786902655585,0.7856381320371844
R1002P,LAF6,L-frontal,8.269048077575398,14.72592340015947,11.064376971751177,5.0125404016368655,-0.37892296407141957,0.7746291940619021
R1002P,LAT1,L-temporal,8.238469752925955,8.296182192437072,0.1311762670017533,0.06063458943030392,-1.2006585371906369,-1.2608016662825026
R1002P,LAT2,L-temporal,8.258995570811873,8.292377609687357,0.0746227583500327,0.03503674233669157,-0.6490653770816303,-1.2620060639229869
R1002P,LAT3,L-temporal,8.244426387713471,8.316857903515949,0.16048288765454682,0.07597673621017148,-1.0405850617109869,-1.2542564603356499
R1002P,LAT4,L-temporal,8.280373500701685,8.331014991388873,0.11609890938699129,0.05295978263758114,-0.0745732925250236,-1.249774822176629
R1002P,LIF1,L-frontal,8.29722931969377,14.733985386876256,11.030233652892164,4.987742829068969,0.378395476648743,0.7771813366799168
R1002P,LIF2,L-frontal,8.304431526014358,14.745707962845392,11.014320205861594,4.987114400270789,0.5719413692514425,0.7808922936406191
R1002P,LIF3,L-frontal,8.291241447929554,14.71908056629774,11.300112376003081,4.985222402140704,0.21748256554778506,0.7724629925361475
R1002P,LIF4,L-frontal,8.296467780583328,14.733824128258817,10.894422041362322,4.988445012197901,0.35793053016962356,0.7771302878498274
R1002P,LIF5,L-frontal,8.32649171104767,14.704757061417727,11.055550224446808,4.939915996676734,1.1647677912115397,0.7679286725815503
R1002P,LIF6,L-frontal,8.327796556897319,14.743906578988412,11.22986414528128,4.96164926692731,1.1998330952916707,0.7803220386061831
R1002P,LMT4,L-temporal,8.238175419547437,8.274913201796679,0.08201332459003491,0.038648233041666126,-1.2085681990265065,-1.2675346837585153
R1002P,LPF1,L-frontal,8.309607312906085,14.739157740254715,11.047656416210094,4.977843318718255,0.7110310105766123,0.7788187225943728
R1002P,LPF2,L-frontal,8.324756082124967,14.818219290957302,10.738884804005199,5.008490001993361,1.118125993668027,0.8038468403626979
R1002P,LPF3,L-frontal,8.313410631240643,14.735024630117433,11.083970875693488,4.971432672462762,0.8132381133931474,0.7775103246898782
R1002P,LPF4,L-frontal,8.31874626572937,14.745453091732823,11.302355779849819,4.972004880720334,0.9566233614344758,0.7808116103734123
R1002P,LPF5,L-frontal,8.293596405298397,14.720041427520943,11.129448844454451,4.9833226994838515,0.2807676626007474,0.7727671675446017
R1002P,LPF6,L-frontal,8.305011486130125,14.727165893012113,11.153701507786728,4.975578829813501,0.5875267181408685,0.7750225237798993
R1002P,LPT1,L-occipital,8.243820746643223,8.294768843040101,0.11859661668221994,0.053514955435130684,-1.0568605384635572,-1.2612490831980683
R1002P,LPT2,L-temporal,8.279189416335266,8.279711909604167,0.002300437956180356,0.0005481425104832811,-0.10639335646300288,-1.2660155809446407
R1002P,LPT3,L-temporal,8.218200529757524,8.291680671762217,0.16708851577707873,0.07731668211315662,-1.7453561917527702,-1.2622266900593655
R1002P,LPT4,L-temporal,8.227369259125958,8.295442804135917,0.14894596495973983,0.0715716722422727,-1.4989636516538987,-1.2610357307210749
R1002P,RAF1,R-frontal,8.303540781173217,14.736374821581698,10.762894706039338,4.98254672744991,0.5480042591929327,0.7779377480160984
R1002P,RAF2,R-frontal,8.282371437157098,14.730798286085976,11.32277614246389,5.0014315865076036,-0.02088246815627451,0.776172412200068
R1002P,RAF3,R-frontal,8.327919113888871,14.708667418382028,10.60970362662208,4.9407365950525115,1.2031265863788316,0.7691665546335591
R1002P,RAF4,R-frontal,8.305073620466528,14.741263927785717,11.033500253304496,4.983824705223585,0.5891964628086991,0.7794854677960498
R1002P,RAF5,R-frontal,8.350499022488709,14.761517989679408,11.375424723989084,4.948371812164282,1.8099196120590224,0.7858971943794201
R1002P,RAF6,R-frontal,8.32455817074133,14.75403004135535,10.52505852858567,4.970989419472584,1.112807493517211,0.7835267722104613
R1002P,RAT1,R-temporal,8.266108919506658,8.297394451157238,0.07160411245255452,0.032812261061673904,-0.45790736782121444,-1.260417907631877
R1002P,RAT2,R-temporal,8.246713134415275,8.27226734549758,0.058867750783420165,0.026873478611618658,-0.9791329994045018,-1.2683722691899093
R1002P,RAT3,R-temporal,8.247323211424888,8.28450050291858,0.08350065500435985,0.039066276158756644,-0.9627383150361336,-1.2644996800250068
R1002P,RAT4,R-temporal,8.269925840972034,8.304941742232575,0.0786689509856322,0.036699503615323516,-0.35533470617742036,-1.2580286996263834
R1002P,RIF1,R-frontal,8.288182105473973,14.756256690210915,10.64406451344393,5.010338332571466,0.13526843004738537,0.7842316512482559
R1002P,RIF2,R-frontal,8.295084856923127,14.743403704297268,11.10362873013839,4.995538488826712,0.3207670302224309,0.7801628460924921
R1002P,RIF3,R-frontal,8.270455604855789,14.704566623066572,11.211232973766167,4.998455893146639,-0.3410982876153933,0.7678683864698065
R1002P,RIF4,R-frontal,8.311989082634216,14.75193140330088,10.849536853035962,4.982878402244581,0.775036639891555,0.7828624169086288
R1002P,RIF5,R-frontal,8.28911094272098,14.765426522600372,11.295065584332157,5.014760888479408,0.16022920262904575,0.7871344990031965
R1002P,RIF6,R-frontal,8.296095471709723,14.707509059459964,11.097872596461269,4.973307665816162,0.34792542200440757,0.7687998587711359
R1002P,RMT1,R-occipital,8.274987248927495,8.317000517315272,0.09780820847911006,0.04398790520157903,-0.21931878592174486,-1.2542113138019286
R1002P,RMT2,R-occipital,8.226411519698715,8.309988076512193,0.1896789911317946,0.08779939378765447,-1.5247011165466466,-1.2564312069447168
R1002P,RMT3,R-temporal,8.237519612957612,8.28696569248835,0.1126727406748457,0.05198158535578461,-1.2261917807669296,-1.2637192873521441
R1002P,RMT4,R-temporal,8.189344060497767,8.286000250495974,0.2187925177489824,0.10191648993016289,-2.5208201053977386,-1.2640249124716738
R1002P,RPF3,R-frontal,8.331759108313886,14.744188850795185,10.813044826821237,4.957683599391106,1.3063192908774837,0.7804113959734471
R1002P,RPF4,R-frontal,8.28461167884512,14.73678436146846,11.384189172358457,5.002611438989714,0.039319858443937046,0.7780673939998367
R1002P,RPF5,R-frontal,8.31904369461181,14.74782659770479,11.52344570044302,4.973092344663269,0.9646162091779787,0.7815629792304902
R1002P,RPF6,R-frontal,8.296056180633016,14.754019732541813,11.051844434753855,5.000773510875602,0.3468695474329153,0.7835235088011688
R1002P,RPT1,R-temporal,8.214397808443534,8.306556376786975,0.2011283361156794,0.09690571717785126,-1.8475472507525066,-1.257517562880124
R1002P,RPT2,R-temporal,8.258442744800242,8.281805032336624,0.05108709982685947,0.024536801251417214,-0.6639215474150637,-1.2653529716005794
R1002P,RPT3,R-temporal,8.24597047862644,8.291610338945194,0.10096618154722585,0.04794217493228171,-0.9990904917545652,-1.2622489549657807
R1002P,RPT4,R-temporal,8.226652441251165,8.30967908430416,0.19170373021292014,0.08722204407647094,-1.5182267981446738,-1.2565290230551198
R1003P,AT1,L-temporal,8.226148200766497,8.318916479608307,0.1948192982335431,0.09740469339747598,-1.6847891119271723,-1.092314420424486
R1003P,AT2,L-temporal,8.254478117047904,8.292919475539902,0.07964005411446347,0.04035655711951174,-0.9909597084985912,-1.1003217429155274
R1003P,AT3,L-temporal,8.279385189082964,8.280592928361694,0.002539087656138877,0.0012669449235742055,-0.38095935552968835,-1.1041184357266391
R1003P,AT4,L-temporal,8.292890999770004,8.300326182024445,0.01698004986546578,0.0077840452656837995,-0.050187867229953345,-1.09804040744848
R1003P,IF1,L-frontal,8.304796741792087,14.742299256266259,11.146480829475093,4.984724302341936,0.24139625898146067,0.886148068590243
R1003P,IF2,L-frontal,8.25560317510719,14.882820661966722,11.171303362141016,5.1187287826738705,-0.963405855026429,0.92942998712891
R1003P,IF3,L-frontal,8.316720197941395,14.7580601545869,11.163954938485427,4.9815437119288095,0.5334142227729943,0.8910025739505459
R1003P,IF4,L-frontal,8.3045811688298,14.774433505979088,11.116586393692915,5.003862070800539,0.23611665072802443,0.8960457206343491
R1003P,IF5,L-frontal,8.259784522364804,14.80614905066469,11.859257881562673,5.0694679848652955,-0.8610002691976466,0.9058144075802921
R1003P,IF6,L-frontal,8.34456621503363,14.844183223102593,11.15103906382629,5.003050821246288,1.215392426840173,0.9175292914795607
R1003P,LG1,L-frontal,8.354168351220853,14.75130221934052,10.953050423010962,4.9385427590470785,1.450558826777363,0.8889210661449173
R1003P,LG10,L-frontal,8.275398279798276,14.741444396160857,11.240182856814174,5.015022677957909,-0.47860295119164437,0.8858847636136129
R1003P,LG11,L-frontal,8.31217658286638,14.744393633423234,10.462078611686435,4.978243120970303,0.42213631762169584,0.8867931565115145
R1003P,LG12,L-frontal,8.30451735159067,14.795612254557565,11.300654702061381,5.016370889483533,0.23455369951720692,0.9025689749823627
R1003P,LG13,L-frontal,8.340661556414174,14.795073684454414,11.369836746477812,4.978332669744076,1.1197632363540875,0.9024030903100898
R1003P,LG14,L-frontal,8.312092745665174,14.758298267674064,10.322778526845774,4.986518057249446,0.4200830565135368,0.8910759150275886
R1003P,LG15,L-frontal,8.375081431174838,14.8550998391976,11.209206947475456,4.977730731965684,1.9627421189620413,0.9208917122167196
R1003P,LG16,L-parietal,8.197352214962367,8.321490784974527,0.2687020675497299,0.1305508161413815,-2.3900330474600846,-1.0915215100874522
R1003P,LG17,L-frontal,8.26753952231544,14.79663332524843,10.67998498975435,5.055732640105562,-0.6710721756624769,0.9028834743872327
R1003P,LG18,L-frontal,8.319680565175497,14.823656875927256,10.818939603824415,5.016974038972053,0.6059167254829965,0.9112069829180229
R1003P,LG19,L-frontal,8.350346168465512,14.7989464796482,11.238300806712404,4.970526395443964,1.3569495568243226,0.9035959477630795
R1003P,LG2,L-frontal,8.318030330323856,14.786323496060715,11.172527731581438,4.9967940774183015,0.5655007407953485,0.8997079497415325
R1003P,LG20,L-frontal,8.333055331549739,14.824474166022407,11.581694864401175,5.003500640819616,0.9334788009320726,0.9114587159770858
R1003P,LG21,L-frontal,8.31953822460907,14.752711632876402,11.013700673397468,4.97545263978637,0.6024306555170046,0.8893551788094132
R1003P,LG22,L-frontal,8.316031933723487,14.78450439603626,10.811251563880212,4.997812447781671,0.5165579092220108,0.8991476497738534
R1003P,LG23,L-frontal,8.316740872738688,14.729934992301413,11.336520703469366,4.96495319851496,0.5339205702725495,0.8823397586530525
R1003P,LG24,L-frontal,8.319450120712824,14.790338415354697,10.973844281201492,4.997669777206629,0.6002728985661904,0.9009445827580839
R1003P,LG25,L-frontal,8.367583781216894,14.799111462252608,10.847652016444894,4.952711433955313,1.7791167970315696,0.9036467639615704
R1003P,LG26,L-frontal,8.287887853855024,14.740122064882808,11.39255818003691,5.001144282569138,-0.17272016527754339,0.8854774731060042
R1003P,LG27,L-frontal,8.31563432791761,14.779124524181285,10.69011017133182,4.995066499658189,0.5068201254477676,0.897490598492486
R1003P,LG28,L-frontal,8.300065038821895,14.816700095166631,10.989224661014697,5.033399898398442,0.12551188373662242,0.9090642288182343
R1003P,LG29,L-frontal,8.320177395997492,14.802792823431787,11.180580679461507,5.004221496668468,0.6180846341137577,0.9047806579322035
R1003P,LG3,L-frontal,8.353929429792965,14.848602857242998,10.979963145347277,4.995895789658971,1.4447073900794456,0.918890580486614
R1003P,LG30,L-frontal,8.30624073212716,14.838087900196335,11.330029311890655,5.039468515621916,0.2767610988485537,0.9156518745253218
R1003P,LG31,L-frontal,8.328474692179483,14.712688484576558,11.062149833947748,4.94253138520146,0.8212941319053081,0.8770276715820279
R1003P,LG32,L-frontal,8.358654818021053,14.806913776152633,11.2654983581448,4.966563131617221,1.5604371106580677,0.9060499502444764
R1003P,LG33,L-temporal,8.285214749357396,8.318767252542134,0.07503518028663102,0.03510407761148593,-0.23818730187154435,-1.0923603837685734
R1003P,LG34,L-temporal,8.27679121343184,8.314813222400735,0.08293012686947279,0.039809959684734844,-0.4444885435671575,-1.0935782623517427
R1003P,LG35,L-frontal,8.258784778298725,14.81101903265385,11.38701775832563,5.073375827178619,-0.8854850513642494,0.9073144079730356
R1003P,LG36,L-frontal,8.342693680861275,14.774724433367329,10.876925677197988,4.964261832892137,1.1695320983168134,0.8961353290143373
R1003P,LG37,L-frontal,8.298909896324812,14.747797446394218,10.905557103570793,4.994122296127812,0.09722123078639554,0.8878415630158231
R1003P,LG38,L-parietal,8.2115916410223,8.300725736042578,0.20068532730938998,0.0937744127158492,-2.0412945481933833,-1.0979173410417757
R1003P,LG39,L-parietal,8.22676131282122,8.312183615851643,0.19336603936778177,0.08972462242755759,-1.6697733537817072,-1.0943882059747747
R1003P,LG4,L-frontal,8.290077360981336,14.795960945232675,11.268243518259588,5.031691860016679,-0.11909683620866396,0.9026763749996064
R1003P,LG40,L-parietal,8.263598778587403,8.298246120336078,0.08284114365957801,0.03634177563432281,-0.7675851283563596,-1.098681086070378
R1003P,LG41,L-temporal,8.253615488361602,8.282919574177686,0.06711524288366816,0.030784238755473262,-1.0120863910080835,-1.1034018068673266
R1003P,LG42,L-temporal,8.276670264430523,8.28847925154123,0.025874320587561797,0.01238402056771626,-0.44745071163697375,-1.101689373793158
R1003P,LG43,L-temporal,8.257245544290978,8.291834784816672,0.07279212437543303,0.036308816851127204,-0.9231825088054978,-1.1006558378905136
R1003P,LG44,L-temporal,8.274751385735737,8.33977726295193,0.1407176669295376,0.0679899489124805,-0.4944460661883403,-1.0858891023682737
R1003P,LG45,L-temporal,8.22245073058348,8.277143788195483,0.11990099548760444,0.05758439722047864,-1.7753440400037215,-1.1051808034346635
R1003P,LG46,L-parietal,8.263113025317548,8.277029260703612,0.031184080565511817,0.014615946002453844,-0.7794817361009442,-1.1052160789825338
R1003P,LG47,L-parietal,8.306631700410422,8.30862688074211,0.004475026758679516,0.002086024261100601,0.2863363227228914,-1.0954837139403193
R1003P,LG48,L-parietal,8.292034056499935,8.319307500650744,0.061135298604713534,0.028521999622227963,-0.07117530792473081,-1.09219398225479
R1003P,LG49,L-temporal,8.26958279644805,8.305202393944802,0.07942863391202344,0.0373324137282736,-0.6210302461915969,-1.096538488178159
R1003P,LG5,L-frontal,8.318739798663385,14.784802097762592,10.912798604769065,4.995159508080952,0.5828763655546155,0.8992393447138783
R1003P,LG50,L-temporal,8.220122273025828,8.30361198646853,0.18551529028867522,0.08777538985646968,-1.8323704110698125,-1.097028348683668
R1003P,LG51,L-temporal,8.289263751375717,8.28320996491515,-0.013312174861200557,-0.006345766398898745,-0.1390229899495574,-1.10331236378084
R1003P,LG52,L-temporal,8.282893834755551,8.348577155084474,0.14503155278384752,0.06860740556162429,-0.2950289380278443,-1.0831786525792808
R1003P,LG53,L-parietal,8.262838892119936,8.28548715113465,0.04980902248831612,0.023775262900645376,-0.7861955460208147,-1.1026109689438153
R1003P,LG54,L-parietal,8.2416219835462,8.293476289024138,0.12227283000959284,0.05447832770337658,-1.3058199202013778,-1.1001502391097848
R1003P,LG55,L-parietal,8.310049859171224,8.299531228566366,-0.02303388793805998,-0.011001322225844745,0.37005062072057815,-1.0982852606126163
R1003P,LG56,L-parietal,8.263332461765094,8.237726782198482,-0.05838928831966059,-0.026956849503022184,-0.7741075070358446,-1.1173216131148411
R1003P,LG57,L-temporal,8.300977775417142,8.29345800847446,-0.016659523099615787,-0.00787202060853057,0.14786576156233974,-1.1001558696915321
R1003P,LG58,L-temporal,8.238390438938247,8.312952707186504,0.15526915012624987,0.07825878644544483,-1.3849638416029502,-1.0941513185885552
R1003P,LG59,L-temporal,8.261633028216401,8.303001185053182,0.0906186797200979,0.043383993537495516,-0.8157284194855436,-1.0972164812814784
R1003P,LG6,L-frontal,8.319827700495454,14.724144597637409,11.082845874424402,4.958314827992782,0.6095202239986457,0.8805562624739125
R1003P,LG60,L-temporal,8.246750853334554,8.330494230277333,0.18888655346811245,0.08775787702171159,-1.1802085124524557,-1.088748364001837
R1003P,LG61,L-temporal,8.257175207157173,8.280298831149393,0.05558217714334755,0.024290212212367785,-0.9249051390844457,-1.1042090204423398
R1003P,LG62,L-parietal,8.333588589095408,8.322068020410967,-0.025821830176095375,-0.012015906243187952,0.9465388382830556,-1.0913437161277841
R1003P,LG63,L-parietal,8.243267430559206,8.28682961186713,0.09968206928029995,0.04578039369036338,-1.265521194710382,-1.102197478374354
R1003P,LG7,L-frontal,8.339483375928848,14.831344440016013,10.658407224357372,5.0008274738747645,1.0909083588759916,0.9135748251765868
R1003P,LG8,L-frontal,8.382947232818474,14.795267117162012,11.049182634305794,4.934521559133913,2.1553838623290353,0.9024626694087423
R1003P,LG9,L-frontal,8.31063687843804,14.81335589080607,11.4106045367902,5.020383000890933,0.3844273390860587,0.9080341823282427
R1003P,MF1,L-frontal,8.314647799490666,14.801999871792226,11.113128855044117,5.009530769289273,0.4826590081633793,0.9045364213470549
R1003P,MF2,L-frontal,8.330666850963015,14.799382327369779,10.728604213879894,4.991276456176185,0.874982402844406,0.9037301929728155
R1003P,MF3,L-frontal,8.278418548368009,14.702778561237544,11.067770348208954,4.989040725234481,-0.40463340186024843,0.8739753217101659
R1003P,MF4,L-frontal,8.340529744615585,14.818011953733967,10.847162191302871,4.991926105609944,1.1165350269703624,0.9094682936321511
R1003P,MF5,L-frontal,8.35093100148784,14.794271936133695,11.06396210692535,4.967174037738654,1.371272731766203,0.9021561442641628
R1003P,MF6,L-frontal,8.340441566749705,14.827768455406135,10.865365812532929,4.997735032093459,1.114375458425525,0.9124733881833491
R1003P,MT1,L-occipital,8.277508193233803,8.337716838420121,0.13569266954139517,0.06295044881154688,-0.4269289552039298,-1.0865237325607082
R1003P,MT2,L-occipital,8.267975400105128,8.295842955090867,0.062329498436457825,0.02922692464795175,-0.6603970708092667,-1.0994212836357218
R1003P,MT3,L-temporal,8.23437820643002,8.290868033647342,0.12634255032074385,0.05938384323911223,-1.4832276296052833,-1.100953606370337
R1003P,MT4,L-temporal,8.303274497898533,8.261700496643705,-0.09131550405163832,-0.043598972533570854,0.20411490728080622,-1.1099374829140713
R1003P,PT1,L-occipital,8.246713935944745,8.331925304354558,0.1939187062728107,0.08928875873279041,-1.1811126581016125,-1.088307579686277
R1003P,PT2,L-temporal,8.287504457542587,8.277109701506193,-0.023802248582392955,-0.010901276025063526,-0.18210994363382738,-1.1051913024565154
R1003P,PT3,L-temporal,8.279277622013959,8.267368144348607,-0.028299945129821577,-0.012503371132947673,-0.3835937860227019,-1.1081917939562458
R1003P,PT4,L-temporal,8.238060415580563,8.30291986987872,0.1401677472544732,0.06811748029601095,-1.3930464602420132,-1.0972415271222846
R1003P,SF1,L-frontal,8.347777530158316,14.807132379455068,10.898511563216152,4.978001851724923,1.2940409069503727,0.9061172821237803
R1003P,SF2,L-frontal,8.2926289628316,14.746109240117105,10.52654236827188,4.9997042536976535,-0.0566054270576249,0.887321579557088
R1003P,SF3,L-frontal,8.35265511806608,14.741861393931856,11.339514755727553,4.934555476803201,1.4134981575330456,0.8860132028607528
R1003P,SF4,L-frontal,8.352647376714765,14.846729061423337,11.410198035374888,4.996132718800525,1.4133085637089404,0.9183134336980491
