subject,session,presentation_time_ms
R1204T,0,1600.0
R1204T,1,1600.0
R1204T,2,1600.0
R1501J,0,1600.0
R1501J,1,1600.0
R1501J,2,1600.0
R1514E,0,1600.0
R1516E,0,1600.0
R1516E,1,1600.0
R1528E,0,1600.0
R1528E,1,1600.0
R1531T,0,1600.0
R1531T,1,1600.0
R1534D,0,1600.0
R1547D,0,1600.0
R1556J,0,1600.0
R1556J,1,1600.0
R1556J,2,1600.0
R1564J,0,1600.0
R1564J,1,1600.0
R1564J,2,1600.0
R1566D,1,1600.0
R1566D,3,1600.0
R1566D,4,1600.0
R1568E,0,1600.0
R1568E,1,1600.0
R1579T,0,1600.0
R1579T,1,1600.0
R1582E,0,1600.0
R1582E,1,1600.0
R1582E,2,1600.0
R1584J,0,750.0
R1584J,1,750.0
R1584J,2,750.0
R1584J,3,750.0
R1584J,4,750.0
R1584J,5,750.0
R1586T,0,1600.0
R1587J,1,750.0
R1587J,2,750.0
R1587J,3,750.0
R1589T,0,1600.0
R1589T,1,1600.0
R1589T,2,1600.0
R1589T,3,1600.0
R1590T,0,1600.0
R1590T,1,1600.0
R1590T,2,750.0
R1590T,3,750.0
R1593D,0,1600.0
R1593D,1,1600.0
R1594E,0,750.0
R1596T,0,750.0
R1603T,0,750.0
R1604J,0,750.0
R1610D,0,750.0
R1610D,1,750.0
R1610D,2,750.0
R1611T,0,750.0
R1611T,1,750.0
R1612E,0,750.0
R1613T,0,750.0
R1613T,1,750.0
R1615T,0,750.0
R1618J,0,750.0
R1619T,0,750.0
R1620J,0,750.0
R1621E,0,750.0
R1621E,1,750.0
R1622T,0,750.0
R1622T,1,750.0
R1624E,1,750.0
R1624E,2,750.0
R1624E,3,750.0
R1624E,4,750.0
R1625T,0,750.0
R1625T,1,750.0
R1625T,3,750.0
R1627T,1,750.0
R1628E,0,750.0
R1628E,1,750.0
R1630E,0,750.0
R1630E,1,750.0
R1632E,0,750.0
R1632E,1,750.0
R1632E,2,750.0
R1633J,0,750.0
R1633J,1,750.0
R1633J,2,750.0
R1635T,0,750.0
R1638E,0,750.0
R1638E,1,750.0
R1642J,0,750.0
R1642J,1,750.0
R1642J,2,750.0
R1642J,3,750.0
R1642J,4,750.0
R1642J,5,750.0
R1642J,6,750.0
R1644T,0,750.0
R1644T,1,750.0
R1644T,2,750.0
R1650E,0,750.0
R1651J,0,750.0
R1651J,1,750.0
R1651J,2,750.0
R1651J,3,750.0
R1653J,0,750.0
R1653J,1,750.0
R1654J,0,750.0
R1670J,0,750.0
R1670J,1,750.0
R1679J,0,750.0
R1679J,1,750.0
R1679J,2,750.0
R1679J,3,750.0
R1681J,0,750.0
R1681J,1,750.0
R1681J,2,750.0
R1681J,3,750.0
R1681J,4,750.0
R1690E,0,750.0
R1690E,1,750.0
R1692T,0,750.0
