roi,bin_ms,n,mean_d,sem,ci95,t,p,q
L-frontal,25.0,3,-0.010150457792158967,0.008147630001421524,0.03505642246660493,,,
L-frontal,75.0,3,-0.0027604945766216567,0.004424772254061051,0.01903825841745546,,,
L-frontal,125.0,3,0.0028002217946137675,0.00460293706577287,0.01980483973091262,,,
L-frontal,175.0,3,0.008953877670534247,0.0027067907073183776,0.011646380425703894,,,
L-frontal,225.0,3,0.0025056249417957526,0.009999388054951399,0.043023894310460796,,,
L-frontal,275.0,3,-0.0022749612346862603,0.009466953382126067,0.04073301281201562,,,
L-frontal,325.0,3,-0.0038508399098624766,0.009416686612312732,0.04051673235766259,,,
L-frontal,375.0,3,-0.010204698862818795,0.01673371191363013,0.07199935124402178,,,
L-frontal,425.0,3,-0.0012566327509601408,0.003331158079815488,0.014332816405345084,,,
L-frontal,475.0,3,0.0003697750492454204,0.0019848202427492907,0.008539992235527226,,,
L-frontal,525.0,3,-0.007999471795346418,0.006818270578236763,0.02933665051562085,,,
L-frontal,575.0,3,-0.008382147390419365,0.007937606097399704,0.034152762542652815,,,
L-frontal,625.0,3,-0.007217794042640713,0.0033525577188911137,0.014424891620829479,,,
L-frontal,675.0,3,-0.004229395207717782,0.0052330026673548065,0.022515793211480374,,,
L-frontal,725.0,3,-0.015821823620152827,0.00833238081758902,0.035851341070111446,,,
L-frontal,775.0,3,0.0006940792316964438,0.009336380767311098,0.04017120419445147,,,
L-frontal,825.0,3,-0.004974698296738837,0.006852119953757699,0.02948229262360632,,,
L-frontal,875.0,3,-0.011089731800332944,0.010629333621195293,0.04573433132065366,,,
L-frontal,925.0,3,-0.013649800804878908,0.011499826858248158,0.04947976142328762,,,
L-frontal,975.0,3,-0.013803159623238082,0.004472963271213613,0.019245607628956336,,,
L-frontal,1025.0,3,-0.009929335474573203,0.007807544646360713,0.03359315328530472,,,
L-frontal,1075.0,3,-0.019780575608844882,0.010826941479806408,0.04658456931292672,,,
L-frontal,1125.0,3,-0.021037933306305892,0.00954757256918346,0.0410798891772783,,,
L-frontal,1175.0,3,-0.01645214617943705,0.004490153351971535,0.01931957057685402,,,
L-frontal,1225.0,3,-0.00708903981818219,0.0021401882703567347,0.009208486903628185,,,
L-frontal,1275.0,3,0.0028452077590464613,0.012743399824831348,0.05483042404259941,,,
L-frontal,1325.0,3,-0.0061119026051725265,0.008424437581042754,0.036247429354677556,,,
L-frontal,1375.0,3,-0.0032360992752757645,0.013877070319754584,0.0597082144922173,,,
L-frontal,1425.0,3,-0.009301274096254057,0.012402369788949125,0.05336309022778421,,,
L-frontal,1475.0,3,-0.014506265075447907,0.010625698086602027,0.045718688877811844,,,
L-frontal,1525.0,3,-0.02114679481391739,0.010173711906614185,0.04377394930667813,,,
L-frontal,1575.0,3,-0.011414291575089863,0.004555154754685102,0.019599249039677094,,,
L-temporal,25.0,3,-0.010892533989896766,0.011029488238389859,0.047456057676647706,,,
L-temporal,75.0,3,-0.00970230882426241,0.013352491272177506,0.05745113302119041,,,
L-temporal,125.0,3,-0.00911385423567483,0.019059841234097766,0.08200787791448211,,,
L-temporal,175.0,3,-0.0007798007533542586,0.011098873573245256,0.04775459867706786,,,
L-temporal,225.0,3,0.00904507671215225,0.0029887114118315617,0.012859387314550438,,,
L-temporal,275.0,3,0.0052713566722012856,0.015682368711824855,0.06747578654687077,,,
L-temporal,325.0,3,-0.008827115725338416,0.016231980993743348,0.0698405773319712,,,
L-temporal,375.0,3,-0.017107728984867513,0.0030150476007803667,0.01297270278982221,,,
L-temporal,425.0,3,-0.01631874095828902,0.0031096939421361718,0.013379933128817564,,,
L-temporal,475.0,3,-0.015120627598216746,0.005172767362015097,0.02225662161053318,,,
L-temporal,525.0,3,-0.008252938232336426,0.014830500023584194,0.06381049141002398,,,
L-temporal,575.0,3,-0.011242049208203495,0.0199074473514874,0.08565483268922096,,,
L-temporal,625.0,3,-0.0022930569430520986,0.012696407431795783,0.05462823209442748,,,
L-temporal,675.0,3,-0.0053688896597080355,0.0044792959713859624,0.01927285503863958,,,
L-temporal,725.0,3,0.0012503397845869825,0.00688611768964708,0.029628573074736066,,,
L-temporal,775.0,3,-0.00418693357804634,0.004865695315785625,0.02093539723259419,,,
L-temporal,825.0,3,0.0010520215154582345,0.011515334168382144,0.04954648399356668,,,
L-temporal,875.0,3,-0.0014613815157675386,0.013295152218727046,0.05720442298634054,,,
L-temporal,925.0,3,-7.326398833685267e-05,0.010039161278958068,0.04319502468130403,,,
L-temporal,975.0,3,-0.011194967890116259,0.007931549474449597,0.03412670299738347,,,
L-temporal,1025.0,3,-0.008134766187334663,0.003988893691011198,0.017162824328309737,,,
L-temporal,1075.0,3,-0.007774494619142375,0.009600257802620506,0.04130657544074369,,,
L-temporal,1125.0,3,-0.0008330329065847549,0.02192690151215874,0.09434384264623741,,,
L-temporal,1175.0,3,-0.004387216174566371,0.01317583474894533,0.05669104134927744,,,
L-temporal,1225.0,3,0.0016557233223717792,0.009267803775050437,0.03987614121150313,,,
L-temporal,1275.0,3,-0.009315838686175148,0.009114881992220073,0.03921817188516991,,,
L-temporal,1325.0,3,-0.015623663655211025,0.01146056457382969,0.04931082944805829,,,
L-temporal,1375.0,3,-0.016897717279420448,0.014214098913541133,0.06115833149127662,,,
L-temporal,1425.0,3,-0.003589523731067363,0.012393350539405618,0.05332428352911555,,,
L-temporal,1475.0,3,0.0030169490213632234,0.009840775099197757,0.04234143784341376,,,
L-temporal,1525.0,3,0.016021111811953145,0.019170831224159725,0.08248542929819706,,,
L-temporal,1575.0,3,0.019478768022726724,0.015175660427061201,0.06529559676224576,,,
L-parietal,25.0,2,0.015866895267915994,0.006014438970380221,0.07642069293087882,,,
L-parietal,75.0,2,0.02083627886548867,0.005055065938882985,0.06423070277431037,,,
L-parietal,125.0,2,0.011240724155063697,0.0022925138939934777,0.029129150897606218,,,
L-parietal,175.0,2,0.016622425281803986,0.01184621691153563,0.15052045742710676,,,
L-parietal,225.0,2,0.035263728986175705,0.0016940909917509716,0.02152546698289708,,,
L-parietal,275.0,2,0.009600633639976423,0.0013847853202433736,0.017595365794661543,,,
L-parietal,325.0,2,0.0033305239020375876,0.01012684059345022,0.1286737099109833,,,
L-parietal,375.0,2,-0.009858664028336293,0.003941996917888076,0.05008781990805552,,,
L-parietal,425.0,2,-0.002477677053497931,0.01602810363224766,0.20365636628396402,,,
L-parietal,475.0,2,-0.009393018072821299,0.005625387298689123,0.0714773227374207,,,
L-parietal,525.0,2,-0.0029339001565018585,0.005790390578191434,0.07357388818891733,,,
L-parietal,575.0,2,-0.0019291619390148275,0.003783030660889017,0.04806796210048211,,,
L-parietal,625.0,2,-0.019148649915828965,0.006099718820515415,0.07750427616656688,,,
L-parietal,675.0,2,-0.010956210803433892,0.018085054166991205,0.22979240091059955,,,
L-parietal,725.0,2,-0.0010250682004378509,0.009464449497748589,0.12025723303357932,,,
L-parietal,775.0,2,-0.008260839202165735,0.016110214008895795,0.20469967754061966,,,
L-parietal,825.0,2,-0.006597570361332948,0.006320164647965864,0.08030530598338773,,,
L-parietal,875.0,2,0.014457211235785736,0.015134142136229458,0.19229750848929975,,,
L-parietal,925.0,2,0.0060942226087519185,0.02843930145137366,0.36135558679494384,,,
L-parietal,975.0,2,0.0006453591716048491,0.012269303988084537,0.1558962884429668,,,
L-parietal,1025.0,2,0.030782369760128138,0.02234949197142827,0.2839772207384602,,,
L-parietal,1075.0,2,0.017442164386354025,0.004064703473155982,0.05164695452176026,,,
L-parietal,1125.0,2,0.011218686770187222,0.0076624074033877195,0.09736011723942509,,,
L-parietal,1175.0,2,0.007044168269327575,0.0034723251426857444,0.04412007417353207,,,
L-parietal,1225.0,2,-0.003373380296390096,0.005255984505059459,0.0667836152114473,,,
L-parietal,1275.0,2,0.00014216610697040648,0.0044641161977434915,0.05672197437460252,,,
L-parietal,1325.0,2,0.0014483243379139871,0.0001368151011805832,0.0017384006866009464,,,
L-parietal,1375.0,2,0.011104728425292004,0.0038009855143149155,0.048296100144119586,,,
L-parietal,1425.0,2,0.005573445117507948,0.007048354594870885,0.0895578365355871,,,
L-parietal,1475.0,2,0.01836531043969472,0.01461078077534493,0.1856475718868979,,,
L-parietal,1525.0,2,0.017756614444968285,0.006613085496296778,0.08402721825377431,,,
L-parietal,1575.0,2,0.00825582993500544,0.011305007337682325,0.14364373777654885,,,
L-occipital,25.0,2,-0.008764427862266418,0.004926750042742496,0.06260029472704358,,,
L-occipital,75.0,2,-0.0005962586727993647,0.0023737694804683265,0.030161601015313594,,,
L-occipital,125.0,2,0.019431381259641323,0.013344707789880698,0.16956058932264947,,,
L-occipital,175.0,2,0.030363500984298342,0.01702536166311659,0.21632773099897906,,,
L-occipital,225.0,2,0.006213985517002497,0.003070277391713986,0.039011573135966336,,,
L-occipital,275.0,2,-0.03319410557066943,0.013044284477226118,0.16574334920454054,,,
L-occipital,325.0,2,-0.025470919780300777,0.01725550540614129,0.21925198451660052,,,
L-occipital,375.0,2,0.017448024678520493,0.0035032938835966904,0.0445135693359681,,,
L-occipital,425.0,2,-0.006442971202722945,0.004703194537884135,0.05975975271241434,,,
L-occipital,475.0,2,-0.04162540501392453,0.010022061605258833,0.12734236663497434,,,
L-occipital,525.0,2,-0.02952366436956758,0.031164896064489155,0.3959875499770042,,,
L-occipital,575.0,2,-0.06230060504372412,0.05544563122668313,0.7045035420926767,,,
L-occipital,625.0,2,-0.0371775203079433,0.04819449671804357,0.612369142456361,,,
L-occipital,675.0,2,-0.010475842249736647,0.04581491492381145,0.5821336889923737,,,
L-occipital,725.0,2,-0.015946608632276985,0.017729389655569302,0.2252732548110813,,,
L-occipital,775.0,2,-0.013563522633373003,0.016319554751634126,0.20735960387747576,,,
L-occipital,825.0,2,0.005843593032498463,0.00016925670993041915,0.0021506104093472382,,,
L-occipital,875.0,2,0.0033132607563926744,0.004588480847328189,0.058302177074168314,,,
L-occipital,925.0,2,0.001368123417595281,0.005718428091519808,0.0726595180999434,,,
L-occipital,975.0,2,0.001046257973936692,0.004220016432644294,0.05362039278319996,,,
L-occipital,1025.0,2,0.01733943559960261,0.00842761207816692,0.10708296450224758,,,
L-occipital,1075.0,2,0.0028660064251798236,0.013648873255174838,0.17342537799835064,,,
L-occipital,1125.0,2,-0.0320652942682466,0.006184912531510531,0.07858676490070532,,,
L-occipital,1175.0,2,-0.0437311970875514,0.00430505884509031,0.05470095908699726,,,
L-occipital,1225.0,2,-0.03323290997461357,0.016036410283672572,0.203761912297641,,,
L-occipital,1275.0,2,-0.030800177953807788,0.006901256402896531,0.08768877679203983,,,
L-occipital,1325.0,2,-0.019285102887683182,0.00259471021327195,0.032968919200876905,,,
L-occipital,1375.0,2,-0.013385310936625443,0.018820673036351983,0.23913932487249093,,,
L-occipital,1425.0,2,-0.04624047239636534,0.0005823347658032231,0.007399264759288095,,,
L-occipital,1475.0,2,-0.03702694647045207,0.018982331826164912,0.24119339455325625,,,
L-occipital,1525.0,2,-0.02913825788168562,0.01540915691723714,0.1957919026022576,,,
L-occipital,1575.0,2,-0.035368362240088366,0.036765425685247315,0.4671490259693682,,,
R-frontal,25.0,2,-0.018940044844433297,0.00029068351574352934,0.003693484264468344,,,
R-frontal,75.0,2,-0.014666795010483683,0.01704116993736862,0.21652859416815096,,,
R-frontal,125.0,2,-0.014718848021562446,0.022802255010065532,0.2897301206043578,,,
R-frontal,175.0,2,-0.013996999823602425,0.0024609931069099786,0.03126988227071285,,,
R-frontal,225.0,2,-0.008988861854853668,0.0015947905585206568,0.020263735347881857,,,
R-frontal,275.0,2,0.009167569788562898,0.0033915643106221974,0.043093910506668824,,,
R-frontal,325.0,2,0.0030468853172989506,0.005491379571408566,0.06977459311836448,,,
R-frontal,375.0,2,-0.005822917593578845,0.0020517529945076026,0.026069993616273112,,,
R-frontal,425.0,2,0.002472776257043518,0.00909754388525709,0.11559525520241076,,,
R-frontal,475.0,2,0.002223619233558443,0.01262145392062163,0.16037077758361323,,,
R-frontal,525.0,2,0.015619528653241553,0.01745875247339269,0.22183448336512387,,,
R-frontal,575.0,2,0.02481019954132103,0.0184366019102243,0.2342592385106594,,,
R-frontal,625.0,2,0.018111049545407255,0.007928939613205892,0.10074673006615985,,,
R-frontal,675.0,2,0.0003259830638259846,0.009932167656150372,0.12620015571305898,,,
R-frontal,725.0,2,0.0016531266349587878,0.0050816890007646725,0.06456898084928293,,,
R-frontal,775.0,2,-0.0024119438803513003,0.013375792988812061,0.1699555642245361,,,
R-frontal,825.0,2,-0.007351900119166291,0.013512430931595064,0.17169171390026663,,,
R-frontal,875.0,2,-0.011395418028397667,0.013062746915709144,0.1659779367278349,,,
R-frontal,925.0,2,-0.003966794751154731,0.002193841606007982,0.027875400604675717,,,
R-frontal,975.0,2,0.015472838113873177,0.003536485872694624,0.044935313545047324,,,
R-frontal,1025.0,2,0.009540773818342039,0.006593881921835791,0.08378321370500662,,,
R-frontal,1075.0,2,0.008699887262953353,0.0057115104283601776,0.07257162085554124,,,
R-frontal,1125.0,2,0.008532824791455883,0.0027048002750917673,0.03436774606577763,,,
R-frontal,1175.0,2,-0.01548600248993029,0.022283505636714836,0.28313878485980154,,,
R-frontal,1225.0,2,-0.00861304232762655,0.010774247596076196,0.13689979583398218,,,
R-frontal,1275.0,2,0.015914714080058383,0.008624825681109456,0.10958880091799411,,,
R-frontal,1325.0,2,0.01819342844640866,0.004998864883270605,0.06351660065531031,,,
R-frontal,1375.0,2,-0.007749123979072803,0.020351715929845242,0.2585930693370816,,,
R-frontal,1425.0,2,-0.011036800715999894,0.03042742619309179,0.38661710680426886,,,
R-frontal,1475.0,2,0.004956578976716328,0.019933635098212176,0.2532808486940817,,,
R-frontal,1525.0,2,0.005053243306051267,0.030307908094131003,0.3850984853691947,,,
R-frontal,1575.0,2,-0.0006699280531269583,0.004901028369156936,0.0622734698763084,,,
R-temporal,25.0,2,0.017130754724605363,0.0029094292327279656,0.036967803496453185,,,
R-temporal,75.0,2,0.02384309432515942,0.010978132619999536,0.13949040069059201,,,
R-temporal,125.0,2,0.038569410437161056,0.001984430367859235,0.0252145785387019,,,
R-temporal,175.0,2,0.01568706006535945,0.0016191017910335427,0.02057263884557933,,,
R-temporal,225.0,2,0.02536936079555447,0.029075520646051924,0.36943951813961007,,,
R-temporal,275.0,2,0.038597785399082415,0.014791522145057006,0.1879441087347562,,,
R-temporal,325.0,2,0.009598088409561405,0.00989674937517529,0.12575012378358622,,,
R-temporal,375.0,2,0.008490341787785155,0.020268538451236218,0.25753619926443655,,,
R-temporal,425.0,2,0.01833283654949599,0.01839567655705204,0.23373923259435242,,,
R-temporal,475.0,2,0.02258753839098364,0.006813256835031952,0.0865706362660576,,,
R-temporal,525.0,2,0.043975152011644245,0.035886377040542435,0.4559796539166911,,,
R-temporal,575.0,2,0.04380609833868143,0.011741077556016078,0.14918453525004588,,,
R-temporal,625.0,2,0.01191495865287695,0.012713827535200863,0.16154449564267745,,,
R-temporal,675.0,2,0.027569973061859786,0.006483271335188845,0.08237777294508214,,,
R-temporal,725.0,2,0.016389068183822252,0.016439044048813998,0.20887785935122483,,,
R-temporal,775.0,2,0.008759191207117253,0.013141700144825333,0.1669811326215673,,,
R-temporal,825.0,2,0.006165048140026285,0.013467895679983626,0.17112583987531466,,,
R-temporal,875.0,2,-0.002107875570598843,0.020031912272116335,0.2545295785866006,,,
R-temporal,925.0,2,-0.007083341920051213,0.012684655868386034,0.16117383447163275,,,
R-temporal,975.0,2,0.0004848196037726647,0.009967563111318946,0.12664989761316095,,,
R-temporal,1025.0,2,0.01871956554254712,0.001196282388424565,0.015200208949602582,,,
R-temporal,1075.0,2,0.007606815072591664,0.013769072417191488,0.17495265316005082,,,
R-temporal,1125.0,2,0.0005874787098800825,0.031004213744692605,0.39394588752418574,,,
R-temporal,1175.0,2,0.02101495483082564,0.024121380204437576,0.3064911953966952,,,
R-temporal,1225.0,2,0.01572631194059836,0.008841531070410486,0.11234230396188544,,,
R-temporal,1275.0,2,0.013175955810945893,0.0011442669096484032,0.014539289626822521,,,
R-temporal,1325.0,2,0.017555330683985206,0.003429911235632638,0.04358115438685422,,,
R-temporal,1375.0,2,0.009010823561481973,0.00755057034941068,0.0959390927345022,,,
R-temporal,1425.0,2,0.009662761823286438,0.0028562269989546927,0.03629180502170815,,,
R-temporal,1475.0,2,0.012884273169931517,0.00968913856358216,0.12311217830604052,,,
R-temporal,1525.0,2,0.0202018274528741,0.015613124732736579,0.19838355942558378,,,
R-temporal,1575.0,2,0.010316084290889664,0.013100281327216589,0.16645485664510032,,,
R-parietal,25.0,1,0.010669479921506663,,,,,
R-parietal,75.0,1,-0.008923261218069465,,,,,
R-parietal,125.0,1,0.008962489766395175,,,,,
R-parietal,175.0,1,0.006611597919477445,,,,,
R-parietal,225.0,1,0.017313191288085547,,,,,
R-parietal,275.0,1,0.033156094671849365,,,,,
R-parietal,325.0,1,0.048104608556707985,,,,,
R-parietal,375.0,1,0.022022988134358174,,,,,
R-parietal,425.0,1,-0.009992486655267136,,,,,
R-parietal,475.0,1,-0.017266825643823275,,,,,
R-parietal,525.0,1,0.0016925713566644217,,,,,
R-parietal,575.0,1,0.018658643628503526,,,,,
R-parietal,625.0,1,0.026174232602012376,,,,,
R-parietal,675.0,1,0.028145627133552318,,,,,
R-parietal,725.0,1,0.02825921197823651,,,,,
R-parietal,775.0,1,0.02793220363845901,,,,,
R-parietal,825.0,1,0.023633752883348295,,,,,
R-parietal,875.0,1,0.02037083427690341,,,,,
R-parietal,925.0,1,0.01018361718897839,,,,,
R-parietal,975.0,1,0.021278887996961704,,,,,
R-parietal,1025.0,1,0.038077536280981726,,,,,
R-parietal,1075.0,1,0.033097207046644615,,,,,
R-parietal,1125.0,1,0.020353853872201885,,,,,
R-parietal,1175.0,1,0.034378118002723945,,,,,
R-parietal,1225.0,1,0.010995411623176465,,,,,
R-parietal,1275.0,1,0.006676201449590664,,,,,
R-parietal,1325.0,1,0.008719746409027987,,,,,
R-parietal,1375.0,1,0.010331379886406512,,,,,
R-parietal,1425.0,1,0.017869961613931867,,,,,
R-parietal,1475.0,1,0.016044886352905654,,,,,
R-parietal,1525.0,1,0.010147633592001293,,,,,
R-parietal,1575.0,1,0.0021342297357648306,,,,,
R-occipital,25.0,1,-0.009451837980653993,,,,,
R-occipital,75.0,1,0.015420618273330996,,,,,
R-occipital,125.0,1,0.013477607624127473,,,,,
R-occipital,175.0,1,0.005635260752822723,,,,,
R-occipital,225.0,1,-1.0799994257945014e-05,,,,,
R-occipital,275.0,1,0.014891032394605165,,,,,
R-occipital,325.0,1,0.023031436657178793,,,,,
R-occipital,375.0,1,0.004938247280925631,,,,,
R-occipital,425.0,1,0.002753556174419724,,,,,
R-occipital,475.0,1,0.0010186780952449507,,,,,
R-occipital,525.0,1,0.011553038672346472,,,,,
R-occipital,575.0,1,0.031387389569327497,,,,,
R-occipital,625.0,1,0.017546929045713287,,,,,
R-occipital,675.0,1,0.02555396025418905,,,,,
R-occipital,725.0,1,0.029782148633238262,,,,,
R-occipital,775.0,1,-0.00817374397628975,,,,,
R-occipital,825.0,1,-0.025993253731680353,,,,,
R-occipital,875.0,1,-0.0026030306249430037,,,,,
R-occipital,925.0,1,0.0029774703526196824,,,,,
R-occipital,975.0,1,0.0044964095417948545,,,,,
R-occipital,1025.0,1,-0.0054502960439034576,,,,,
R-occipital,1075.0,1,-0.0034692827054528946,,,,,
R-occipital,1125.0,1,-0.013962201889271657,,,,,
R-occipital,1175.0,1,0.0031868909373402865,,,,,
R-occipital,1225.0,1,0.013827649016892686,,,,,
R-occipital,1275.0,1,-0.01874874956847759,,,,,
R-occipital,1325.0,1,0.007118266835695053,,,,,
R-occipital,1375.0,1,0.028763383399054442,,,,,
R-occipital,1425.0,1,0.03485315353153922,,,,,
R-occipital,1475.0,1,0.034193097423354205,,,,,
R-occipital,1525.0,1,0.009751891426298257,,,,,
R-occipital,1575.0,1,0.01570186514227491,,,,,
