sub,roi,n_elec,z_lo,z_hi,cohens_d,change_dB
R1001P,L-frontal,10,0.7220490375615845,-0.446063552501205,-0.04563177831386655,-0.023793832037960365
R1001P,L-occipital,10,0.3281060252774103,0.15042252348144722,-0.009345377047431824,-0.0046501898768302845
R1001P,L-parietal,8,-0.42613451372601696,-0.06868198923276807,0.017707212512283865,0.00931588348705713
R1001P,L-temporal,8,0.3258265594382547,-0.6863807661254956,-0.03434400351416521,-0.01857137322787903
R1001P,R-frontal,9,0.19009960739682322,-0.22585643494149255,-0.014503716950069606,-0.00771417532889121
R1001P,R-occipital,11,-0.09568443004946242,0.4942053669536733,0.02008987913442619,0.010945315719454408
R1001P,R-parietal,12,-0.7308664953962518,0.21077939829713696,0.04024734950167961,0.02110176221671443
R1001P,R-temporal,5,-0.3174113570734244,0.6128016862973693,0.035455635912339925,0.018125820726773687
R1002P,L-frontal,18,0.20215131771580394,-0.24313230672610794,-0.0013853533722230481,-0.0009482299275857099
R1002P,L-temporal,8,0.5164419384717912,0.11372390024005428,-0.0032829883004361245,-0.001705791032573417
R1002P,R-frontal,16,-0.1382819942910005,0.05522022801768839,0.020836730646606735,0.010794960877662354
R1002P,R-temporal,10,-0.6690393879318718,0.17026572226744702,0.044862922981028085,0.023533421903717815
R1003P,L-frontal,50,0.03754593813633527,-0.047265845910293154,-0.0010759331662886038,-0.0006455794014477578
R1003P,L-occipital,3,0.9718635907422577,-0.4668330946904348,-0.061635440865843216,-0.0323237498350639
R1003P,L-parietal,13,-0.06648601311917683,0.23209788339121984,0.012669345220806351,0.0069162514544490565
R1003P,L-temporal,26,-0.15109882724988088,0.02871227290372549,0.0117210383117663,0.00560614372631681
