sub,roi,bin_ms,d,n_elec
R1001P,L-frontal,25.0,-0.07266513301972843,10
R1001P,L-frontal,75.0,-0.05709712155736255,10
R1001P,L-frontal,125.0,-0.04465224193255727,10
R1001P,L-frontal,175.0,-0.027640333084098134,10
R1001P,L-frontal,225.0,-0.03227172910764794,10
R1001P,L-frontal,275.0,-0.008308013593221733,10
R1001P,L-frontal,325.0,0.014262118505998822,10
R1001P,L-frontal,375.0,0.07259995558977637,10
R1001P,L-frontal,425.0,0.08373554099131753,10
R1001P,L-frontal,475.0,0.10830246520946585,10
R1001P,L-frontal,525.0,0.10395250708097377,10
R1001P,L-frontal,575.0,0.09200390764681035,10
R1001P,L-frontal,625.0,0.1047010629975857,10
R1001P,L-frontal,675.0,0.07103837658277028,10
R1001P,L-frontal,725.0,0.05649310705254744,10
R1001P,L-frontal,775.0,0.046146214261472626,10
R1001P,L-frontal,825.0,0.04986190961444039,10
R1001P,L-frontal,875.0,0.05094275120464109,10
R1001P,L-frontal,925.0,0.04609447594434851,10
R1001P,L-frontal,975.0,0.0507650498937256,10
R1001P,L-frontal,1025.0,0.05083299042864009,10
R1001P,L-frontal,1075.0,0.07142166495815325,10
R1001P,L-frontal,1125.0,0.04696902266060353,10
R1001P,L-frontal,1175.0,0.05187060338785042,10
R1001P,L-frontal,1225.0,0.05650944293303567,10
R1001P,L-frontal,1275.0,0.060257524943629,10
R1001P,L-frontal,1325.0,0.08182654921833162,10
R1001P,L-frontal,1375.0,0.08779124315842728,10
R1001P,L-frontal,1425.0,0.07818320614503829,10
R1001P,L-frontal,1475.0,0.05682678166989561,10
R1001P,L-frontal,1525.0,0.04030847077788165,10
R1001P,L-frontal,1575.0,0.018877986460378717,10
R1001P,L-occipital,25.0,0.03491017621839072,10
R1001P,L-occipital,75.0,0.18135345901621816,10
R1001P,L-occipital,125.0,0.5968375797924266,10
R1001P,L-occipital,175.0,0.8480911604017389,10
R1001P,L-occipital,225.0,0.7933546763506399,10
R1001P,L-occipital,275.0,0.7531125146135109,10
R1001P,L-occipital,325.0,0.7235334359372007,10
R1001P,L-occipital,375.0,0.6598403723304016,10
R1001P,L-occipital,425.0,0.5684003833234772,10
R1001P,L-occipital,475.0,0.4847765261474978,10
R1001P,L-occipital,525.0,0.3694528142917798,10
R1001P,L-occipital,575.0,0.23519157005466193,10
R1001P,L-occipital,625.0,0.13553818166044646,10
R1001P,L-occipital,675.0,0.07509692426611939,10
R1001P,L-occipital,725.0,0.003052723022307974,10
R1001P,L-occipital,775.0,-0.034511217437128566,10
R1001P,L-occipital,825.0,-0.03402869245528939,10
R1001P,L-occipital,875.0,-0.02456619487530461,10
R1001P,L-occipital,925.0,-0.02440676792044473,10
R1001P,L-occipital,975.0,0.015069973260051966,10
R1001P,L-occipital,1025.0,0.028978516759966877,10
R1001P,L-occipital,1075.0,0.041721962235074087,10
R1001P,L-occipital,1125.0,0.05743348629256253,10
R1001P,L-occipital,1175.0,0.07915156315297678,10
R1001P,L-occipital,1225.0,0.11048676889344262,10
R1001P,L-occipital,1275.0,0.11982570838222273,10
R1001P,L-occipital,1325.0,0.09006905661812009,10
R1001P,L-occipital,1375.0,0.07163490425235093,10
R1001P,L-occipital,1425.0,0.06747786081464516,10
R1001P,L-occipital,1475.0,0.0757375140861106,10
R1001P,L-occipital,1525.0,0.07430816786922188,10
R1001P,L-occipital,1575.0,0.06969011430073303,10
R1001P,L-parietal,25.0,-0.05355786868568101,8
R1001P,L-parietal,75.0,-0.05618873993472748,8
R1001P,L-parietal,125.0,-0.0180645461568179,8
R1001P,L-parietal,175.0,0.002590198352749337,8
R1001P,L-parietal,225.0,-0.026888001136362673,8
R1001P,L-parietal,275.0,-0.03534666233648022,8
R1001P,L-parietal,325.0,-0.014163371979311003,8
R1001P,L-parietal,375.0,0.0558120278513282,8
R1001P,L-parietal,425.0,0.0725381703783381,8
R1001P,L-parietal,475.0,0.064783717450956,8
R1001P,L-parietal,525.0,0.0658773691374764,8
R1001P,L-parietal,575.0,0.06289664324436339,8
R1001P,L-parietal,625.0,0.03793723774063584,8
R1001P,L-parietal,675.0,0.06030222250547529,8
R1001P,L-parietal,725.0,0.07341094066857204,8
R1001P,L-parietal,775.0,0.08183442595884349,8
R1001P,L-parietal,825.0,0.07895678395293085,8
R1001P,L-parietal,875.0,0.07303669127094517,8
R1001P,L-parietal,925.0,0.06805091879843353,8
R1001P,L-parietal,975.0,0.06146949647701625,8
R1001P,L-parietal,1025.0,0.07860264741428437,8
R1001P,L-parietal,1075.0,0.09423698407554328,8
R1001P,L-parietal,1125.0,0.05754157703623907,8
R1001P,L-parietal,1175.0,0.05627076481361019,8
R1001P,L-parietal,1225.0,0.057572053762304856,8
R1001P,L-parietal,1275.0,0.07631827070707028,8
R1001P,L-parietal,1325.0,0.07135045069609096,8
R1001P,L-parietal,1375.0,0.08077274678866801,8
R1001P,L-parietal,1425.0,0.0821368555474795,8
R1001P,L-parietal,1475.0,0.0894234538625694,8
R1001P,L-parietal,1525.0,0.06174569635108269,8
R1001P,L-parietal,1575.0,0.0512641777810472,8
R1001P,L-temporal,25.0,-0.04990103802509788,8
R1001P,L-temporal,75.0,-0.011155158609348206,8
R1001P,L-temporal,125.0,0.008576566910636386,8
R1001P,L-temporal,175.0,0.04689617489836695,8
R1001P,L-temporal,225.0,0.028782848524047857,8
R1001P,L-temporal,275.0,0.0027238713317664504,8
R1001P,L-temporal,325.0,-0.03485226169273267,8
R1001P,L-temporal,375.0,-0.06367817702220774,8
R1001P,L-temporal,425.0,-0.04890111472959808,8
R1001P,L-temporal,475.0,-0.06865143358891161,8
R1001P,L-temporal,525.0,-0.06785181308843703,8
R1001P,L-temporal,575.0,-0.07240995817319193,8
R1001P,L-temporal,625.0,-0.07556998543397102,8
R1001P,L-temporal,675.0,-0.05815323200737756,8
R1001P,L-temporal,725.0,-0.08077759506496611,8
R1001P,L-temporal,775.0,-0.08993596621939404,8
R1001P,L-temporal,825.0,-0.04802232914520039,8
R1001P,L-temporal,875.0,-0.03583258715817616,8
R1001P,L-temporal,925.0,-0.04128461884255857,8
R1001P,L-temporal,975.0,-0.0274117517901313,8
R1001P,L-temporal,1025.0,-0.003657967985942095,8
R1001P,L-temporal,1075.0,-0.01418404922485705,8
R1001P,L-temporal,1125.0,-0.027630976767599378,8
R1001P,L-temporal,1175.0,-0.010622451816938137,8
R1001P,L-temporal,1225.0,-0.017309863346359703,8
R1001P,L-temporal,1275.0,0.0020579120398618866,8
R1001P,L-temporal,1325.0,0.008989439289268503,8
R1001P,L-temporal,1375.0,0.021498689052856512,8
R1001P,L-temporal,1425.0,0.02417268142021596,8
R1001P,L-temporal,1475.0,-0.02406612244303454,8
R1001P,L-temporal,1525.0,-0.0330925803191129,8
R1001P,L-temporal,1575.0,-0.0270419843721623,8
R1001P,R-frontal,25.0,-0.025815540554593414,9
R1001P,R-frontal,75.0,-0.004048979515769444,9
R1001P,R-frontal,125.0,0.008762056545305034,9
R1001P,R-frontal,175.0,-0.026847018255676723,9
R1001P,R-frontal,225.0,-0.07396307537460073,9
R1001P,R-frontal,275.0,-0.07152189249844829,9
R1001P,R-frontal,325.0,-0.07269695176229243,9
R1001P,R-frontal,375.0,-0.07938470431975736,9
R1001P,R-frontal,425.0,-0.0930738303312649,9
R1001P,R-frontal,475.0,-0.09089901362821073,9
R1001P,R-frontal,525.0,-0.08927532899006041,9
R1001P,R-frontal,575.0,-0.08773307411779727,9
R1001P,R-frontal,625.0,-0.07638040043627349,9
R1001P,R-frontal,675.0,-0.05654400951928705,9
R1001P,R-frontal,725.0,-0.036446751166053476,9
R1001P,R-frontal,775.0,-0.04160723849028655,9
R1001P,R-frontal,825.0,-0.01315121685208645,9
R1001P,R-frontal,875.0,0.00379686430905097,9
R1001P,R-frontal,925.0,0.029044145612364927,9
R1001P,R-frontal,975.0,0.04414995897841863,9
R1001P,R-frontal,1025.0,0.03594073769508602,9
R1001P,R-frontal,1075.0,0.009030663722460426,9
R1001P,R-frontal,1125.0,0.034762138727567976,9
R1001P,R-frontal,1175.0,0.05571302170382872,9
R1001P,R-frontal,1225.0,0.047993958687502176,9
R1001P,R-frontal,1275.0,0.046066403843225065,9
R1001P,R-frontal,1325.0,0.07413400456362636,9
R1001P,R-frontal,1375.0,0.08763276652235805,9
R1001P,R-frontal,1425.0,0.09103991473397162,9
R1001P,R-frontal,1475.0,0.08352220188605457,9
R1001P,R-frontal,1525.0,0.04965384512958684,9
R1001P,R-frontal,1575.0,0.03829896250477322,9
R1001P,R-occipital,25.0,0.060123484399899334,11
R1001P,R-occipital,75.0,0.21066589677021827,11
R1001P,R-occipital,125.0,0.3903839492031466,11
R1001P,R-occipital,175.0,0.47385293594491296,11
R1001P,R-occipital,225.0,0.41742154727215824,11
R1001P,R-occipital,275.0,0.3881740641805109,11
R1001P,R-occipital,325.0,0.3999224383616349,11
R1001P,R-occipital,375.0,0.37242338673215625,11
R1001P,R-occipital,425.0,0.3002803868315093,11
R1001P,R-occipital,475.0,0.25323938603700813,11
R1001P,R-occipital,525.0,0.1942457802768357,11
R1001P,R-occipital,575.0,0.11145894272822711,11
R1001P,R-occipital,625.0,0.03084159539073864,11
R1001P,R-occipital,675.0,-0.02280728086629914,11
R1001P,R-occipital,725.0,-0.04314492176629556,11
R1001P,R-occipital,775.0,-0.08378858806051122,11
R1001P,R-occipital,825.0,-0.07423499158171253,11
R1001P,R-occipital,875.0,-0.06331449169082326,11
R1001P,R-occipital,925.0,-0.054423603931692835,11
R1001P,R-occipital,975.0,-0.02592917668770792,11
R1001P,R-occipital,1025.0,0.0005274991711312475,11
R1001P,R-occipital,1075.0,0.01818802579722228,11
R1001P,R-occipital,1125.0,0.017795569080258446,11
R1001P,R-occipital,1175.0,0.02410733156423109,11
R1001P,R-occipital,1225.0,0.028438460789434895,11
R1001P,R-occipital,1275.0,0.06847256011161824,11
R1001P,R-occipital,1325.0,0.07203049499924294,11
R1001P,R-occipital,1375.0,0.06400011510965832,11
R1001P,R-occipital,1425.0,0.04399866685229548,11
R1001P,R-occipital,1475.0,0.006048633876716291,11
R1001P,R-occipital,1525.0,-0.021123607272589995,11
R1001P,R-occipital,1575.0,-0.011097700174610788,11
R1001P,R-parietal,25.0,-0.043131702037146606,12
R1001P,R-parietal,75.0,-0.03750963229559402,12
R1001P,R-parietal,125.0,-0.03669839689810791,12
R1001P,R-parietal,175.0,-0.03630219407602738,12
R1001P,R-parietal,225.0,-0.038544947475287424,12
R1001P,R-parietal,275.0,-0.016333368202064595,12
R1001P,R-parietal,325.0,0.016962177910682337,12
R1001P,R-parietal,375.0,0.03128402769237371,12
R1001P,R-parietal,425.0,0.004128743131141462,12
R1001P,R-parietal,475.0,-0.022096897105282093,12
R1001P,R-parietal,525.0,-0.013548515061723734,12
R1001P,R-parietal,575.0,-0.02939031659059717,12
R1001P,R-parietal,625.0,-0.031414236195996315,12
R1001P,R-parietal,675.0,-0.01138668331661292,12
R1001P,R-parietal,725.0,-0.008261296824612551,12
R1001P,R-parietal,775.0,-0.018195495060766214,12
R1001P,R-parietal,825.0,0.006526412620509299,12
R1001P,R-parietal,875.0,0.017239651715909684,12
R1001P,R-parietal,925.0,0.017476667871205272,12
R1001P,R-parietal,975.0,0.02676891563722555,12
R1001P,R-parietal,1025.0,0.04037302755455767,12
R1001P,R-parietal,1075.0,0.03466223775536315,12
R1001P,R-parietal,1125.0,0.009032280245128895,12
R1001P,R-parietal,1175.0,0.017341706766614666,12
R1001P,R-parietal,1225.0,0.028496385647078876,12
R1001P,R-parietal,1275.0,0.025079959678746048,12
R1001P,R-parietal,1325.0,0.052454236225766254,12
R1001P,R-parietal,1375.0,0.04982266347627912,12
R1001P,R-parietal,1425.0,0.055008598465616405,12
R1001P,R-parietal,1475.0,0.051995566264442156,12
R1001P,R-parietal,1525.0,0.022669370748520382,12
R1001P,R-parietal,1575.0,0.013773332462207652,12
R1001P,R-temporal,25.0,0.016259955600161906,5
R1001P,R-temporal,75.0,0.018570588066110033,5
R1001P,R-temporal,125.0,0.1045502725278675,5
R1001P,R-temporal,175.0,0.20339784748973,5
R1001P,R-temporal,225.0,0.15696379802529967,5
R1001P,R-temporal,275.0,0.12742707845154672,5
R1001P,R-temporal,325.0,0.12854218340478812,5
R1001P,R-temporal,375.0,0.13314233116129345,5
R1001P,R-temporal,425.0,0.1181579565601979,5
R1001P,R-temporal,475.0,0.09193849295248951,5
R1001P,R-temporal,525.0,0.0743447969441577,5
R1001P,R-temporal,575.0,-0.003205741081267632,5
R1001P,R-temporal,625.0,-0.027334744129629163,5
R1001P,R-temporal,675.0,-0.05802922404045989,5
R1001P,R-temporal,725.0,-0.05879366805887069,5
R1001P,R-temporal,775.0,-0.1036756376627758,5
R1001P,R-temporal,825.0,-0.08778261334179041,5
R1001P,R-temporal,875.0,-0.04941264278142059,5
R1001P,R-temporal,925.0,-0.05611371437154168,5
R1001P,R-temporal,975.0,-0.05318771553780344,5
R1001P,R-temporal,1025.0,-0.06727956493431961,5
R1001P,R-temporal,1075.0,-0.0673504174451127,5
R1001P,R-temporal,1125.0,-0.025028848264320752,5
R1001P,R-temporal,1175.0,0.0012184686221599294,5
R1001P,R-temporal,1225.0,-0.00509989760741546,5
R1001P,R-temporal,1275.0,-0.0006106107758214435,5
R1001P,R-temporal,1325.0,0.023819074060560493,5
R1001P,R-temporal,1375.0,0.015783458311288686,5
R1001P,R-temporal,1425.0,0.00754319993503032,5
R1001P,R-temporal,1475.0,-0.0026115623027775565,5
R1001P,R-temporal,1525.0,-0.01609963935836587,5
R1001P,R-temporal,1575.0,0.003074128094244416,5
R1002P,L-frontal,25.0,0.003212140516540207,18
R1002P,L-frontal,75.0,0.006957055203742949,18
R1002P,L-frontal,125.0,-0.018238480988799557,18
R1002P,L-frontal,175.0,-0.05792772355044376,18
R1002P,L-frontal,225.0,-0.06414846137133011,18
R1002P,L-frontal,275.0,-0.09392394596127175,18
R1002P,L-frontal,325.0,-0.12150658803878749,18
R1002P,L-frontal,375.0,-0.1583748453021087,18
R1002P,L-frontal,425.0,-0.15335799919201612,18
R1002P,L-frontal,475.0,-0.14085552342236174,18
R1002P,L-frontal,525.0,-0.13289205189780617,18
R1002P,L-frontal,575.0,-0.068722723156789,18
R1002P,L-frontal,625.0,-0.04410362940764686,18
R1002P,L-frontal,675.0,-0.031772185889494514,18
R1002P,L-frontal,725.0,0.006222852168413475,18
R1002P,L-frontal,775.0,0.027773795640043137,18
R1002P,L-frontal,825.0,0.06219122805992942,18
R1002P,L-frontal,875.0,0.07992955425877854,18
R1002P,L-frontal,925.0,0.08801229565459036,18
R1002P,L-frontal,975.0,0.10861100246538109,18
R1002P,L-frontal,1025.0,0.11959199054601423,18
R1002P,L-frontal,1075.0,0.10617491523672377,18
R1002P,L-frontal,1125.0,0.10504876843089171,18
R1002P,L-frontal,1175.0,0.12676783684289084,18
R1002P,L-frontal,1225.0,0.09762903909211516,18
R1002P,L-frontal,1275.0,0.10133661122149845,18
R1002P,L-frontal,1325.0,0.11075518377231025,18
R1002P,L-frontal,1375.0,0.10035466854632809,18
R1002P,L-frontal,1425.0,0.09833182050574919,18
R1002P,L-frontal,1475.0,0.09819223226098692,18
R1002P,L-frontal,1525.0,0.0817979539770467,18
R1002P,L-frontal,1575.0,0.08294318694906483,18
R1002P,L-temporal,25.0,-0.04836908859943885,8
R1002P,L-temporal,75.0,-0.05694279836675926,8
R1002P,L-temporal,125.0,0.008893756816065888,8
R1002P,L-temporal,175.0,0.03535204386718288,8
R1002P,L-temporal,225.0,0.019033503214325953,8
R1002P,L-temporal,275.0,0.030257006146762584,8
R1002P,L-temporal,325.0,0.019424204500122333,8
R1002P,L-temporal,375.0,0.06603755489253288,8
R1002P,L-temporal,425.0,0.07291192607029734,8
R1002P,L-temporal,475.0,0.05654694925120883,8
R1002P,L-temporal,525.0,0.02771108793787041,8
R1002P,L-temporal,575.0,-0.011733485040886671,8
R1002P,L-temporal,625.0,0.028100329089859655,8
R1002P,L-temporal,675.0,0.029684452238312804,8
R1002P,L-temporal,725.0,0.04255544717066988,8
R1002P,L-temporal,775.0,0.031832598672122694,8
R1002P,L-temporal,825.0,0.0008827656315436756,8
R1002P,L-temporal,875.0,0.009473445032787745,8
R1002P,L-temporal,925.0,-0.0013686647218033748,8
R1002P,L-temporal,975.0,-0.02564202132632538,8
R1002P,L-temporal,1025.0,-0.02798317925981447,8
R1002P,L-temporal,1075.0,-0.00993372049116089,8
R1002P,L-temporal,1125.0,0.02434922925130109,8
R1002P,L-temporal,1175.0,0.030141378450022703,8
R1002P,L-temporal,1225.0,-0.005123177998240739,8
R1002P,L-temporal,1275.0,-0.04159083920688427,8
R1002P,L-temporal,1325.0,-0.046103359278532624,8
R1002P,L-temporal,1375.0,-0.018462847326409418,8
R1002P,L-temporal,1425.0,-0.008563673281804119,8
R1002P,L-temporal,1475.0,-0.005513928821377635,8
R1002P,L-temporal,1525.0,-0.008459891939583826,8
R1002P,L-temporal,1575.0,0.02687761249127746,8
R1002P,R-frontal,25.0,0.0384394541386696,16
R1002P,R-frontal,75.0,0.04124727499427984,16
R1002P,R-frontal,125.0,0.0050992397042396425,16
R1002P,R-frontal,175.0,0.00017496470503314872,16
R1002P,R-frontal,225.0,-0.019207818345691807,16
R1002P,R-frontal,275.0,-0.0343110555638238,16
R1002P,R-frontal,325.0,-0.08133068399504202,16
R1002P,R-frontal,375.0,-0.1378767316893412,16
R1002P,R-frontal,425.0,-0.14037703229173287,16
R1002P,R-frontal,475.0,-0.1402027426787212,16
R1002P,R-frontal,525.0,-0.1666422973498726,16
R1002P,R-frontal,575.0,-0.17261403971543762,16
R1002P,R-frontal,625.0,-0.13707860541136108,16
R1002P,R-frontal,675.0,-0.10806033085267966,16
R1002P,R-frontal,725.0,-0.10146538637914583,16
R1002P,R-frontal,775.0,-0.0756787162859433,16
R1002P,R-frontal,825.0,-0.06953240210297117,16
R1002P,R-frontal,875.0,-0.06352489246650868,16
R1002P,R-frontal,925.0,-0.04372062941235354,16
R1002P,R-frontal,975.0,-0.025961320188059016,16
R1002P,R-frontal,1025.0,-0.01636236027181779,16
R1002P,R-frontal,1075.0,0.006728027082938662,16
R1002P,R-frontal,1125.0,-0.0046018718992429115,16
R1002P,R-frontal,1175.0,-0.014641648548598299,16
R1002P,R-frontal,1225.0,-0.014511989523576765,16
R1002P,R-frontal,1275.0,-0.019382525762402125,16
R1002P,R-frontal,1325.0,-0.011208999764900356,16
R1002P,R-frontal,1375.0,0.02093280453937683,16
R1002P,R-frontal,1425.0,0.042789677218014056,16
R1002P,R-frontal,1475.0,0.06317726453814558,16
R1002P,R-frontal,1525.0,0.0761582310294443,16
R1002P,R-frontal,1575.0,0.05556283390766218,16
R1002P,R-temporal,25.0,-0.01785953601174333,10
R1002P,R-temporal,75.0,0.009482407011307144,10
R1002P,R-temporal,125.0,0.0387539380533273,10
R1002P,R-temporal,175.0,-0.02445559787984092,10
R1002P,R-temporal,225.0,-0.017733498999262402,10
R1002P,R-temporal,275.0,-0.01887834650129908,10
R1002P,R-temporal,325.0,0.011345115274292217,10
R1002P,R-temporal,375.0,0.043516066529045036,10
R1002P,R-temporal,425.0,0.04411564141504592,10
R1002P,R-temporal,475.0,0.05032444884621499,10
R1002P,R-temporal,525.0,0.02029349134812383,10
R1002P,R-temporal,575.0,-0.009368943626206067,10
R1002P,R-temporal,625.0,-0.00412687232001357,10
R1002P,R-temporal,675.0,0.02352097851951026,10
R1002P,R-temporal,725.0,0.03905515923998364,10
R1002P,R-temporal,775.0,0.0573645316959403,10
R1002P,R-temporal,825.0,0.029745723319947744,10
R1002P,R-temporal,875.0,0.043907280484811344,10
R1002P,R-temporal,925.0,0.07543761667978771,10
R1002P,R-temporal,975.0,0.07449568844950895,10
R1002P,R-temporal,1025.0,0.06786487329111351,10
R1002P,R-temporal,1075.0,0.06450507311923535,10
R1002P,R-temporal,1125.0,0.02939364270837742,10
R1002P,R-temporal,1175.0,-0.018350251118041956,10
R1002P,R-temporal,1225.0,-0.02149208841114045,10
R1002P,R-temporal,1275.0,0.00496807043479969,10
R1002P,R-temporal,1325.0,0.008473476626687173,10
R1002P,R-temporal,1375.0,0.01870314136730265,10
R1002P,R-temporal,1425.0,0.0032313239124808282,10
R1002P,R-temporal,1475.0,-0.003907470928108464,10
R1002P,R-temporal,1525.0,-0.0028910498818609143,10
R1002P,R-temporal,1575.0,-0.006693145780654715,10
R1003P,L-frontal,25.0,-0.0013543356844726742,50
R1003P,L-frontal,75.0,0.01255646872009426,50
R1003P,L-frontal,125.0,0.005166317921765191,50
R1003P,L-frontal,175.0,0.012822211302519976,50
R1003P,L-frontal,225.0,0.048599297207665274,50
R1003P,L-frontal,275.0,0.04829132853525441,50
R1003P,L-frontal,325.0,0.010761085288721564,50
R1003P,L-frontal,375.0,-0.008645586981468256,50
R1003P,L-frontal,425.0,-0.01020885691298536,50
R1003P,L-frontal,475.0,0.004097751870065607,50
R1003P,L-frontal,525.0,0.009786274352449465,50
R1003P,L-frontal,575.0,0.013876529689630615,50
R1003P,L-frontal,625.0,0.01152404131502751,50
R1003P,L-frontal,675.0,0.00017434208800395869,50
R1003P,L-frontal,725.0,0.0029056610707403306,50
R1003P,L-frontal,775.0,-0.0007611965915914287,50
R1003P,L-frontal,825.0,0.0037943015697798448,50
R1003P,L-frontal,875.0,-0.009147095558376606,50
R1003P,L-frontal,925.0,-0.008218888011725057,50
R1003P,L-frontal,975.0,-0.005678816643963239,50
R1003P,L-frontal,1025.0,-0.022386203414234824,50
R1003P,L-frontal,1075.0,-0.0156591230214356,50
R1003P,L-frontal,1125.0,-0.023747459151711087,50
R1003P,L-frontal,1175.0,-0.020374674140815525,50
R1003P,L-frontal,1225.0,-0.02027836579556134,50
R1003P,L-frontal,1275.0,-0.010319796074040186,50
R1003P,L-frontal,1325.0,-0.010913781152531958,50
R1003P,L-frontal,1375.0,-0.015078115168226705,50
R1003P,L-frontal,1425.0,0.0024588667184052178,50
R1003P,L-frontal,1475.0,-0.00881660417605451,50
R1003P,L-frontal,1525.0,-0.017918061978681066,50
R1003P,L-frontal,1575.0,-0.030858045925271457,50
R1003P,L-occipital,25.0,0.10248457888085515,3
R1003P,L-occipital,75.0,0.5803196055064442,3
R1003P,L-occipital,125.0,1.8685479585319242,3
R1003P,L-occipital,175.0,2.2300278589616496,3
R1003P,L-occipital,225.0,1.87390773223774,3
R1003P,L-occipital,275.0,1.944539041196629,3
R1003P,L-occipital,325.0,1.9062973105231753,3
R1003P,L-occipital,375.0,1.6887995464807706,3
R1003P,L-occipital,425.0,1.4328956917266156,3
R1003P,L-occipital,475.0,1.1329207925532632,3
R1003P,L-occipital,525.0,0.8708879717946602,3
R1003P,L-occipital,575.0,0.7035508385319059,3
R1003P,L-occipital,625.0,0.5807469623888674,3
R1003P,L-occipital,675.0,0.4515064255378629,3
R1003P,L-occipital,725.0,0.3361810731986896,3
R1003P,L-occipital,775.0,0.22135707203672014,3
R1003P,L-occipital,825.0,0.11064026631608166,3
R1003P,L-occipital,875.0,0.07097954746518183,3
R1003P,L-occipital,925.0,0.05628427247049759,3
R1003P,L-occipital,975.0,0.07884636723786836,3
R1003P,L-occipital,1025.0,0.14935529512421578,3
R1003P,L-occipital,1075.0,0.16942961398617282,3
R1003P,L-occipital,1125.0,0.1562183467438386,3
R1003P,L-occipital,1175.0,0.13576750632801673,3
R1003P,L-occipital,1225.0,0.140504660131311,3
R1003P,L-occipital,1275.0,0.15933343969007807,3
R1003P,L-occipital,1325.0,0.1810901261183672,3
R1003P,L-occipital,1375.0,0.23443671817756703,3
R1003P,L-occipital,1425.0,0.2580212097764701,3
R1003P,L-occipital,1475.0,0.23678828644808306,3
R1003P,L-occipital,1525.0,0.2462892666203013,3
R1003P,L-occipital,1575.0,0.18357302141859644,3
R1003P,L-parietal,25.0,-0.045136034806172384,13
R1003P,L-parietal,75.0,-0.04874559272247698,13
R1003P,L-parietal,125.0,-0.036789801769203816,13
R1003P,L-parietal,175.0,-0.012989017019250896,13
R1003P,L-parietal,225.0,0.029803771484617776,13
R1003P,L-parietal,275.0,0.0608991147112727,13
R1003P,L-parietal,325.0,0.09910848322410609,13
R1003P,L-parietal,375.0,0.10829725447356307,13
R1003P,L-parietal,425.0,0.10621035725877712,13
R1003P,L-parietal,475.0,0.12984999817154166,13
R1003P,L-parietal,525.0,0.14056471550115415,13
R1003P,L-parietal,575.0,0.13015696231530816,13
R1003P,L-parietal,625.0,0.13923198754570743,13
R1003P,L-parietal,675.0,0.12633260697444865,13
R1003P,L-parietal,725.0,0.09663606310003624,13
R1003P,L-parietal,775.0,0.07679260536863147,13
R1003P,L-parietal,825.0,0.09352911026633128,13
R1003P,L-parietal,875.0,0.07575530830824967,13
R1003P,L-parietal,925.0,0.06194754612427607,13
R1003P,L-parietal,975.0,0.05092731980078124,13
R1003P,L-parietal,1025.0,0.0422167684295984,13
R1003P,L-parietal,1075.0,0.04097917433128638,13
R1003P,L-parietal,1125.0,0.02922414409036869,13
R1003P,L-parietal,1175.0,0.03130940867546149,13
R1003P,L-parietal,1225.0,0.04679043818763522,13
R1003P,L-parietal,1275.0,0.05746794641050191,13
R1003P,L-parietal,1325.0,0.03697729859534299,13
R1003P,L-parietal,1375.0,0.029252564304270326,13
R1003P,L-parietal,1425.0,0.018232226582173813,13
R1003P,L-parietal,1475.0,-0.0063226491207854845,13
R1003P,L-parietal,1525.0,-0.023387732611722736,13
R1003P,L-parietal,1575.0,-0.024362120259132945,13
R1003P,L-temporal,25.0,-0.003215900787586019,26
R1003P,L-temporal,75.0,0.009839030734129593,26
R1003P,L-temporal,125.0,0.06938492170918352,26
R1003P,L-temporal,175.0,0.11022380540843674,26
R1003P,L-temporal,225.0,0.13740123580327526,26
R1003P,L-temporal,275.0,0.1521842156134839,26
R1003P,L-temporal,325.0,0.1368719433355851,26
R1003P,L-temporal,375.0,0.09423632820436678,26
R1003P,L-temporal,425.0,0.09851686747165152,26
R1003P,L-temporal,475.0,0.07980263116343392,26
R1003P,L-temporal,525.0,0.06469842793387152,26
R1003P,L-temporal,575.0,0.0600694544374645,26
R1003P,L-temporal,625.0,0.05145395665661374,26
R1003P,L-temporal,675.0,0.046600408969910766,26
R1003P,L-temporal,725.0,0.017088010740993167,26
R1003P,L-temporal,775.0,-0.0066210178466196475,26
R1003P,L-temporal,825.0,-0.010000857024803918,26
R1003P,L-temporal,875.0,-0.0332878224390645,26
R1003P,L-temporal,925.0,-0.056454126271656795,26
R1003P,L-temporal,975.0,-0.041109972814484017,26
R1003P,L-temporal,1025.0,-0.0559448106301877,26
R1003P,L-temporal,1075.0,-0.0679075164089137,26
R1003P,L-temporal,1125.0,-0.07500661900046077,26
R1003P,L-temporal,1175.0,-0.05815204227177358,26
R1003P,L-temporal,1225.0,-0.05287934376982565,26
R1003P,L-temporal,1275.0,-0.04666700160219524,26
R1003P,L-temporal,1325.0,-0.052761657010336985,26
R1003P,L-temporal,1375.0,-0.06443467558471533,26
R1003P,L-temporal,1425.0,-0.04661904343334679,26
R1003P,L-temporal,1475.0,-0.04779491474223041,26
R1003P,L-temporal,1525.0,-0.055927679012811135,26
R1003P,L-temporal,1575.0,-0.06134322401809281,26
