roi,n_subjects,mean,sem,ci95_lo,ci95_hi,median,q25,q75,t,p,q,measure
L-frontal,3,0.1700119789583907,0.030802881932674435,0.037477874926618665,0.3025460829901627,0.18092192660031475,0.1464850263018542,0.19899390543588924,,,,z_lo
L-temporal,3,-0.5031594872144264,0.08355855904089306,-0.8626829493656565,-0.14363602506319628,-0.4419893585175386,-0.5552089179670747,-0.4205249921133341,,,,z_lo
L-parietal,2,0.0031156565663667257,0.19630867272197447,-2.491222530525753,2.4974538436584868,0.0031156565663667257,-0.09503867979462051,0.10126999292735396,,,,z_lo
L-occipital,2,1.281777818821155,1.146448573942368,-13.285232481186085,15.848788118828395,1.281777818821155,0.7085535318499709,1.8550021057923392,,,,z_lo
L-limbic,0,,,,,,,,,,,z_lo
L-hippocampus,0,,,,,,,,,,,z_lo
R-frontal,2,-0.10762084811009368,0.030090644393444305,-0.48995873641662424,0.27471704019643683,-0.10762084811009368,-0.12266617030681583,-0.09257552591337152,,,,z_lo
R-temporal,2,-0.015238946577962764,0.08374220777924449,-1.0792845836803244,1.048806690524399,-0.015238946577962764,-0.057110050467585015,0.026632157311659486,,,,z_lo
R-parietal,1,-0.25364010264945924,,,,-0.25364010264945924,-0.25364010264945924,-0.25364010264945924,,,,z_lo
R-occipital,1,0.2740333960065403,,,,0.2740333960065403,0.2740333960065403,0.2740333960065403,,,,z_lo
R-limbic,0,,,,,,,,,,,z_lo
R-hippocampus,0,,,,,,,,,,,z_lo
L-frontal,3,0.13907545420926162,0.04675172587247909,-0.062080986736459065,0.3402318951549823,0.14179770058741892,0.09928499639744444,0.18022703521015748,,,,z_hi
L-temporal,3,-0.5078450658471286,0.08809233966959595,-0.8868758115965325,-0.1288143200977248,-0.48638999179470016,-0.5782037193327995,-0.42675887533524365,,,,z_hi
L-parietal,2,-0.004268234295545445,0.17181089676445,-2.1873326644904214,2.1787961958993307,-0.004268234295545445,-0.09017368267777043,0.08163721408667954,,,,z_hi
L-occipital,2,1.646351452886908,1.352227155172059,-15.535323630544344,18.82802653631816,1.646351452886908,0.9702378753008785,2.3224650304729373,,,,z_hi
L-limbic,0,,,,,,,,,,,z_hi
L-hippocampus,0,,,,,,,,,,,z_hi
R-frontal,2,-0.14684978199458956,0.01668996941903242,-0.3589159504733101,0.06521638648413097,-0.14684978199458956,-0.15519476670410576,-0.13850479728507337,,,,z_hi
R-temporal,2,-0.024980339407597862,0.10981967603955038,-1.4203716272265035,1.3704109484113078,-0.024980339407597862,-0.07989017742737306,0.029929498612177335,,,,z_hi
R-parietal,1,-0.2913850682915814,,,,-0.2913850682915814,-0.2913850682915814,-0.2913850682915814,,,,z_hi
R-occipital,1,0.3212379874089463,,,,0.3212379874089463,0.3212379874089463,0.3212379874089463,,,,z_hi
R-limbic,0,,,,,,,,,,,z_hi
R-hippocampus,0,,,,,,,,,,,z_hi
L-frontal,3,0.046655915349921064,0.019719304875072483,-0.03818940559957142,0.13150123629941354,0.04850460408685319,0.03005944077705737,0.06417673429125083,,,,cohens_d
L-temporal,3,0.012437742158630033,0.023841178443778466,-0.09014256935293742,0.11501805367019748,0.024778104129772428,-0.004420787685550199,0.03546645298838146,,,,cohens_d
L-parietal,2,0.09008401450631937,0.0003834973766184898,0.08521121832321894,0.09495681068941979,0.09008401450631937,0.08989226581801012,0.0902757631946286,,,,cohens_d
L-occipital,2,0.9713103227078819,0.458678565373464,-4.856753437022241,6.799374082438004,0.9713103227078819,0.7419710400211498,1.2006496053946139,,,,cohens_d
L-limbic,0,,,,,,,,,,,cohens_d
L-hippocampus,0,,,,,,,,,,,cohens_d
R-frontal,2,-0.029289510335464886,0.031923477717144814,-0.43491575410021766,0.37633673342928786,-0.029289510335464886,-0.045251249194037294,-0.013327771476892477,,,,cohens_d
R-temporal,2,0.04745278246693392,0.005503497410446148,-0.022475782395202093,0.11738134732906993,0.04745278246693392,0.04470103376171085,0.050204531172157,,,,cohens_d
R-parietal,1,0.01713554970182825,,,,0.01713554970182825,0.01713554970182825,0.01713554970182825,,,,cohens_d
R-occipital,1,0.24776978718575213,,,,0.24776978718575213,0.24776978718575213,0.24776978718575213,,,,cohens_d
R-limbic,0,,,,,,,,,,,cohens_d
R-hippocampus,0,,,,,,,,,,,cohens_d
L-frontal,3,0.0498042124483247,0.03092631682692634,-0.08326098906814663,0.18286941396479603,0.03911450129605523,0.020751826481513632,0.07351174283900103,,,,change_dB
L-temporal,3,0.007709894721667936,0.015613071807560977,-0.05946773131090866,0.07488752075424454,0.012723279223816164,-0.0043826715951814504,0.022309153289591436,,,,change_dB
L-parietal,2,0.1256789742507839,0.010703752891313367,-0.010325101431665595,0.2616830499332334,0.1256789742507839,0.12032709780512721,0.13103085069644058,,,,change_dB
L-occipital,2,1.1520987448701272,0.5620147843277725,-5.988976169555616,8.29317365929587,1.1520987448701272,0.8710913527062409,1.4331061370340135,,,,change_dB
L-limbic,0,,,,,,,,,,,change_dB
L-hippocampus,0,,,,,,,,,,,change_dB
R-frontal,2,-0.02386822538164205,0.0345325774392473,-0.4626462243925255,0.41490977362924136,-0.02386822538164205,-0.0411345141012657,-0.006601936662018396,,,,change_dB
R-temporal,2,0.06999864853740184,0.0046247912023586815,0.011235104658172908,0.12876219241663078,0.06999864853740184,0.0676862529362225,0.0723110441385812,,,,change_dB
R-parietal,1,0.034710142660658604,,,,0.034710142660658604,0.034710142660658604,0.034710142660658604,,,,change_dB
R-occipital,1,0.33053016810837393,,,,0.33053016810837393,0.33053016810837393,0.33053016810837393,,,,change_dB
R-limbic,0,,,,,,,,,,,change_dB
R-hippocampus,0,,,,,,,,,,,change_dB
